date,rf
1871-01-01 00:00:00.00,969
1871-02-01 00:00:00.00,149
1871-03-01 00:00:00.00,536
1871-04-01 00:00:00.00,1651
1871-05-01 00:00:00.00,1981
1871-06-01 00:00:00.00,8801
1871-07-01 00:00:00.00,9447
1871-08-01 00:00:00.00,2508
1871-09-01 00:00:00.00,2214
1871-10-01 00:00:00.00,1393
1871-11-01 00:00:00.00,2166
1871-12-01 00:00:00.00,94
1872-01-01 00:00:00.00,0
1872-02-01 00:00:00.00,133
1872-03-01 00:00:00.00,14
1872-04-01 00:00:00.00,801
1872-05-01 00:00:00.00,1854
1872-06-01 00:00:00.00,7981
1872-07-01 00:00:00.00,7418
1872-08-01 00:00:00.00,4020
1872-09-01 00:00:00.00,4298
1872-10-01 00:00:00.00,971
1872-11-01 00:00:00.00,936
1872-12-01 00:00:00.00,379
1873-01-01 00:00:00.00,4
1873-02-01 00:00:00.00,780
1873-03-01 00:00:00.00,25
1873-04-01 00:00:00.00,1526
1873-05-01 00:00:00.00,2478
1873-06-01 00:00:00.00,8313
1873-07-01 00:00:00.00,8567
1873-08-01 00:00:00.00,1887
1873-09-01 00:00:00.00,1283
1873-10-01 00:00:00.00,2190
1873-11-01 00:00:00.00,190
1873-12-01 00:00:00.00,142
1874-01-01 00:00:00.00,0
1874-02-01 00:00:00.00,114
1874-03-01 00:00:00.00,51
1874-04-01 00:00:00.00,874
1874-05-01 00:00:00.00,5912
1874-06-01 00:00:00.00,10541
1874-07-01 00:00:00.00,6913
1874-08-01 00:00:00.00,3196
1874-09-01 00:00:00.00,2357
1874-10-01 00:00:00.00,2453
1874-11-01 00:00:00.00,775
1874-12-01 00:00:00.00,277
1875-01-01 00:00:00.00,16
1875-02-01 00:00:00.00,0
1875-03-01 00:00:00.00,153
1875-04-01 00:00:00.00,924
1875-05-01 00:00:00.00,1161
1875-06-01 00:00:00.00,8633
1875-07-01 00:00:00.00,6502
1875-08-01 00:00:00.00,3128
1875-09-01 00:00:00.00,1187
1875-10-01 00:00:00.00,1571
1875-11-01 00:00:00.00,505
1875-12-01 00:00:00.00,112
1876-01-01 00:00:00.00,0
1876-02-01 00:00:00.00,3
1876-03-01 00:00:00.00,375
1876-04-01 00:00:00.00,442
1876-05-01 00:00:00.00,752
1876-06-01 00:00:00.00,5965
1876-07-01 00:00:00.00,7862
1876-08-01 00:00:00.00,2427
1876-09-01 00:00:00.00,1105
1876-10-01 00:00:00.00,546
1876-11-01 00:00:00.00,365
1876-12-01 00:00:00.00,21
1877-01-01 00:00:00.00,0
1877-02-01 00:00:00.00,49
1877-03-01 00:00:00.00,211
1877-04-01 00:00:00.00,864
1877-05-01 00:00:00.00,1185
1877-06-01 00:00:00.00,8451
1877-07-01 00:00:00.00,2644
1877-08-01 00:00:00.00,5852
1877-09-01 00:00:00.00,3945
1877-10-01 00:00:00.00,5062
1877-11-01 00:00:00.00,1023
1877-12-01 00:00:00.00,753
1878-01-01 00:00:00.00,4
1878-02-01 00:00:00.00,0
1878-03-01 00:00:00.00,164
1878-04-01 00:00:00.00,1033
1878-05-01 00:00:00.00,2000
1878-06-01 00:00:00.00,9362
1878-07-01 00:00:00.00,5478
1878-08-01 00:00:00.00,8553
1878-09-01 00:00:00.00,5861
1878-10-01 00:00:00.00,3004
1878-11-01 00:00:00.00,1247
1878-12-01 00:00:00.00,464
1879-01-01 00:00:00.00,41
1879-02-01 00:00:00.00,36
1879-03-01 00:00:00.00,435
1879-04-01 00:00:00.00,459
1879-05-01 00:00:00.00,5724
1879-06-01 00:00:00.00,4712
1879-07-01 00:00:00.00,5713
1879-08-01 00:00:00.00,3564
1879-09-01 00:00:00.00,1783
1879-10-01 00:00:00.00,2727
1879-11-01 00:00:00.00,1092
1879-12-01 00:00:00.00,436
1880-01-01 00:00:00.00,2
1880-02-01 00:00:00.00,116
1880-03-01 00:00:00.00,151
1880-04-01 00:00:00.00,1412
1880-05-01 00:00:00.00,2873
1880-06-01 00:00:00.00,7190
1880-07-01 00:00:00.00,6063
1880-08-01 00:00:00.00,1548
1880-09-01 00:00:00.00,1439
1880-10-01 00:00:00.00,1207
1880-11-01 00:00:00.00,1945
1880-12-01 00:00:00.00,376
1881-01-01 00:00:00.00,11
1881-02-01 00:00:00.00,0
1881-03-01 00:00:00.00,235
1881-04-01 00:00:00.00,183
1881-05-01 00:00:00.00,1504
1881-06-01 00:00:00.00,2929
1881-07-01 00:00:00.00,3000
1881-08-01 00:00:00.00,5527
1881-09-01 00:00:00.00,1936
1881-10-01 00:00:00.00,1122
1881-11-01 00:00:00.00,2046
1881-12-01 00:00:00.00,65
1882-01-01 00:00:00.00,351
1882-02-01 00:00:00.00,2
1882-03-01 00:00:00.00,7
1882-04-01 00:00:00.00,348
1882-05-01 00:00:00.00,3465
1882-06-01 00:00:00.00,9544
1882-07-01 00:00:00.00,11312
1882-08-01 00:00:00.00,3311
1882-09-01 00:00:00.00,2361
1882-10-01 00:00:00.00,2826
1882-11-01 00:00:00.00,1240
1882-12-01 00:00:00.00,93
1883-01-01 00:00:00.00,38
1883-02-01 00:00:00.00,3
1883-03-01 00:00:00.00,386
1883-04-01 00:00:00.00,845
1883-05-01 00:00:00.00,2279
1883-06-01 00:00:00.00,6914
1883-07-01 00:00:00.00,7766
1883-08-01 00:00:00.00,3700
1883-09-01 00:00:00.00,844
1883-10-01 00:00:00.00,2707
1883-11-01 00:00:00.00,1475
1883-12-01 00:00:00.00,242
1884-01-01 00:00:00.00,0
1884-02-01 00:00:00.00,6
1884-03-01 00:00:00.00,189
1884-04-01 00:00:00.00,349
1884-05-01 00:00:00.00,1527
1884-06-01 00:00:00.00,4714
1884-07-01 00:00:00.00,4449
1884-08-01 00:00:00.00,4656
1884-09-01 00:00:00.00,3146
1884-10-01 00:00:00.00,2516
1884-11-01 00:00:00.00,1524
1884-12-01 00:00:00.00,193
1885-01-01 00:00:00.00,0
1885-02-01 00:00:00.00,34
1885-03-01 00:00:00.00,168
1885-04-01 00:00:00.00,366
1885-05-01 00:00:00.00,927
1885-06-01 00:00:00.00,10307
1885-07-01 00:00:00.00,8440
1885-08-01 00:00:00.00,3888
1885-09-01 00:00:00.00,1098
1885-10-01 00:00:00.00,3950
1885-11-01 00:00:00.00,1105
1885-12-01 00:00:00.00,1025
1886-01-01 00:00:00.00,20
1886-02-01 00:00:00.00,18
1886-03-01 00:00:00.00,2
1886-04-01 00:00:00.00,665
1886-05-01 00:00:00.00,3811
1886-06-01 00:00:00.00,5527
1886-07-01 00:00:00.00,5879
1886-08-01 00:00:00.00,1741
1886-09-01 00:00:00.00,1766
1886-10-01 00:00:00.00,2895
1886-11-01 00:00:00.00,986
1886-12-01 00:00:00.00,142
1887-01-01 00:00:00.00,0
1887-02-01 00:00:00.00,29
1887-03-01 00:00:00.00,177
1887-04-01 00:00:00.00,1086
1887-05-01 00:00:00.00,922
1887-06-01 00:00:00.00,9226
1887-07-01 00:00:00.00,5281
1887-08-01 00:00:00.00,1278
1887-09-01 00:00:00.00,1504
1887-10-01 00:00:00.00,2944
1887-11-01 00:00:00.00,1481
1887-12-01 00:00:00.00,457
1888-01-01 00:00:00.00,0
1888-02-01 00:00:00.00,63
1888-03-01 00:00:00.00,38
1888-04-01 00:00:00.00,954
1888-05-01 00:00:00.00,3571
1888-06-01 00:00:00.00,10688
1888-07-01 00:00:00.00,4975
1888-08-01 00:00:00.00,4632
1888-09-01 00:00:00.00,1232
1888-10-01 00:00:00.00,1489
1888-11-01 00:00:00.00,2227
1888-12-01 00:00:00.00,30
1889-01-01 00:00:00.00,0
1889-02-01 00:00:00.00,41
1889-03-01 00:00:00.00,189
1889-04-01 00:00:00.00,1126
1889-05-01 00:00:00.00,1915
1889-06-01 00:00:00.00,8216
1889-07-01 00:00:00.00,3821
1889-08-01 00:00:00.00,4098
1889-09-01 00:00:00.00,4195
1889-10-01 00:00:00.00,2725
1889-11-01 00:00:00.00,986
1889-12-01 00:00:00.00,450
1890-01-01 00:00:00.00,16
1890-02-01 00:00:00.00,247
1890-03-01 00:00:00.00,583
1890-04-01 00:00:00.00,1825
1890-05-01 00:00:00.00,1774
1890-06-01 00:00:00.00,6157
1890-07-01 00:00:00.00,5119
1890-08-01 00:00:00.00,2237
1890-09-01 00:00:00.00,1115
1890-10-01 00:00:00.00,1567
1890-11-01 00:00:00.00,649
1890-12-01 00:00:00.00,243
1891-01-01 00:00:00.00,37
1891-02-01 00:00:00.00,259
1891-03-01 00:00:00.00,476
1891-04-01 00:00:00.00,1069
1891-05-01 00:00:00.00,2472
1891-06-01 00:00:00.00,7366
1891-07-01 00:00:00.00,5572
1891-08-01 00:00:00.00,2718
1891-09-01 00:00:00.00,862
1891-10-01 00:00:00.00,4705
1891-11-01 00:00:00.00,1339
1891-12-01 00:00:00.00,659
1892-01-01 00:00:00.00,0
1892-02-01 00:00:00.00,81
1892-03-01 00:00:00.00,541
1892-04-01 00:00:00.00,2255
1892-05-01 00:00:00.00,2946
1892-06-01 00:00:00.00,3573
1892-07-01 00:00:00.00,10024
1892-08-01 00:00:00.00,4745
1892-09-01 00:00:00.00,1445
1892-10-01 00:00:00.00,4684
1892-11-01 00:00:00.00,1007
1892-12-01 00:00:00.00,63
1893-01-01 00:00:00.00,187
1893-02-01 00:00:00.00,349
1893-03-01 00:00:00.00,1072
1893-04-01 00:00:00.00,645
1893-05-01 00:00:00.00,3274
1893-06-01 00:00:00.00,7480
1893-07-01 00:00:00.00,3640
1893-08-01 00:00:00.00,2551
1893-09-01 00:00:00.00,1565
1893-10-01 00:00:00.00,2636
1893-11-01 00:00:00.00,1923
1893-12-01 00:00:00.00,22
1894-01-01 00:00:00.00,53
1894-02-01 00:00:00.00,157
1894-03-01 00:00:00.00,1070
1894-04-01 00:00:00.00,1389
1894-05-01 00:00:00.00,1364
1894-06-01 00:00:00.00,6011
1894-07-01 00:00:00.00,5039
1894-08-01 00:00:00.00,4048
1894-09-01 00:00:00.00,1430
1894-10-01 00:00:00.00,2306
1894-11-01 00:00:00.00,702
1894-12-01 00:00:00.00,99
1895-01-01 00:00:00.00,8
1895-02-01 00:00:00.00,0
1895-03-01 00:00:00.00,335
1895-04-01 00:00:00.00,2156
1895-05-01 00:00:00.00,992
1895-06-01 00:00:00.00,6227
1895-07-01 00:00:00.00,5601
1895-08-01 00:00:00.00,2708
1895-09-01 00:00:00.00,874
1895-10-01 00:00:00.00,3002
1895-11-01 00:00:00.00,696
1895-12-01 00:00:00.00,313
1896-01-01 00:00:00.00,31
1896-02-01 00:00:00.00,5
1896-03-01 00:00:00.00,192
1896-04-01 00:00:00.00,707
1896-05-01 00:00:00.00,1916
1896-06-01 00:00:00.00,9057
1896-07-01 00:00:00.00,5834
1896-08-01 00:00:00.00,5372
1896-09-01 00:00:00.00,1102
1896-10-01 00:00:00.00,1983
1896-11-01 00:00:00.00,1618
1896-12-01 00:00:00.00,531
1897-01-01 00:00:00.00,20
1897-02-01 00:00:00.00,527
1897-03-01 00:00:00.00,285
1897-04-01 00:00:00.00,1084
1897-05-01 00:00:00.00,1403
1897-06-01 00:00:00.00,8927
1897-07-01 00:00:00.00,7399
1897-08-01 00:00:00.00,6316
1897-09-01 00:00:00.00,3027
1897-10-01 00:00:00.00,1880
1897-11-01 00:00:00.00,1180
1897-12-01 00:00:00.00,172
1898-01-01 00:00:00.00,27
1898-02-01 00:00:00.00,250
1898-03-01 00:00:00.00,150
1898-04-01 00:00:00.00,932
1898-05-01 00:00:00.00,1942
1898-06-01 00:00:00.00,6761
1898-07-01 00:00:00.00,5987
1898-08-01 00:00:00.00,1070
1898-09-01 00:00:00.00,1941
1898-10-01 00:00:00.00,2688
1898-11-01 00:00:00.00,1760
1898-12-01 00:00:00.00,163
1899-01-01 00:00:00.00,38
1899-02-01 00:00:00.00,265
1899-03-01 00:00:00.00,229
1899-04-01 00:00:00.00,3101
1899-05-01 00:00:00.00,2086
1899-06-01 00:00:00.00,7097
1899-07-01 00:00:00.00,2742
1899-08-01 00:00:00.00,1209
1899-09-01 00:00:00.00,808
1899-10-01 00:00:00.00,3345
1899-11-01 00:00:00.00,320
1899-12-01 00:00:00.00,74
1900-01-01 00:00:00.00,45
1900-02-01 00:00:00.00,38
1900-03-01 00:00:00.00,63
1900-04-01 00:00:00.00,2133
1900-05-01 00:00:00.00,1044
1900-06-01 00:00:00.00,7623
1900-07-01 00:00:00.00,6561
1900-08-01 00:00:00.00,4420
1900-09-01 00:00:00.00,1671
1900-10-01 00:00:00.00,2183
1900-11-01 00:00:00.00,597
1900-12-01 00:00:00.00,330
1901-01-01 00:00:00.00,245
1901-02-01 00:00:00.00,364
1901-03-01 00:00:00.00,570
1901-04-01 00:00:00.00,1386
1901-05-01 00:00:00.00,1466
1901-06-01 00:00:00.00,7806
1901-07-01 00:00:00.00,5981
1901-08-01 00:00:00.00,2897
1901-09-01 00:00:00.00,1769
1901-10-01 00:00:00.00,2801
1901-11-01 00:00:00.00,3690
1901-12-01 00:00:00.00,445
1902-01-01 00:00:00.00,70
1902-02-01 00:00:00.00,9
1902-03-01 00:00:00.00,568
1902-04-01 00:00:00.00,799
1902-05-01 00:00:00.00,1349
1902-06-01 00:00:00.00,4033
1902-07-01 00:00:00.00,10402
1902-08-01 00:00:00.00,2762
1902-09-01 00:00:00.00,4257
1902-10-01 00:00:00.00,3726
1902-11-01 00:00:00.00,1123
1902-12-01 00:00:00.00,1460
1903-01-01 00:00:00.00,26
1903-02-01 00:00:00.00,190
1903-03-01 00:00:00.00,14
1903-04-01 00:00:00.00,767
1903-05-01 00:00:00.00,2777
1903-06-01 00:00:00.00,5766
1903-07-01 00:00:00.00,8516
1903-08-01 00:00:00.00,3577
1903-09-01 00:00:00.00,2884
1903-10-01 00:00:00.00,3673
1903-11-01 00:00:00.00,1542
1903-12-01 00:00:00.00,610
1904-01-01 00:00:00.00,295
1904-02-01 00:00:00.00,22
1904-03-01 00:00:00.00,450
1904-04-01 00:00:00.00,798
1904-05-01 00:00:00.00,2633
1904-06-01 00:00:00.00,10752
1904-07-01 00:00:00.00,6315
1904-08-01 00:00:00.00,2738
1904-09-01 00:00:00.00,1984
1904-10-01 00:00:00.00,3156
1904-11-01 00:00:00.00,249
1904-12-01 00:00:00.00,79
1905-01-01 00:00:00.00,1
1905-02-01 00:00:00.00,71
1905-03-01 00:00:00.00,105
1905-04-01 00:00:00.00,800
1905-05-01 00:00:00.00,2494
1905-06-01 00:00:00.00,7341
1905-07-01 00:00:00.00,4973
1905-08-01 00:00:00.00,2549
1905-09-01 00:00:00.00,2006
1905-10-01 00:00:00.00,3731
1905-11-01 00:00:00.00,761
1905-12-01 00:00:00.00,6
1906-01-01 00:00:00.00,201
1906-02-01 00:00:00.00,81
1906-03-01 00:00:00.00,77
1906-04-01 00:00:00.00,489
1906-05-01 00:00:00.00,1605
1906-06-01 00:00:00.00,3976
1906-07-01 00:00:00.00,8586
1906-08-01 00:00:00.00,3533
1906-09-01 00:00:00.00,1143
1906-10-01 00:00:00.00,2499
1906-11-01 00:00:00.00,1562
1906-12-01 00:00:00.00,771
1907-01-01 00:00:00.00,121
1907-02-01 00:00:00.00,35
1907-03-01 00:00:00.00,455
1907-04-01 00:00:00.00,1582
1907-05-01 00:00:00.00,801
1907-06-01 00:00:00.00,8139
1907-07-01 00:00:00.00,6536
1907-08-01 00:00:00.00,8603
1907-09-01 00:00:00.00,2669
1907-10-01 00:00:00.00,2686
1907-11-01 00:00:00.00,1892
1907-12-01 00:00:00.00,647
1908-01-01 00:00:00.00,39
1908-02-01 00:00:00.00,230
1908-03-01 00:00:00.00,413
1908-04-01 00:00:00.00,943
1908-05-01 00:00:00.00,1324
1908-06-01 00:00:00.00,5905
1908-07-01 00:00:00.00,9338
1908-08-01 00:00:00.00,3204
1908-09-01 00:00:00.00,2053
1908-10-01 00:00:00.00,2892
1908-11-01 00:00:00.00,506
1908-12-01 00:00:00.00,140
1909-01-01 00:00:00.00,665
1909-02-01 00:00:00.00,107
1909-03-01 00:00:00.00,612
1909-04-01 00:00:00.00,767
1909-05-01 00:00:00.00,4737
1909-06-01 00:00:00.00,6285
1909-07-01 00:00:00.00,7777
1909-08-01 00:00:00.00,2276
1909-09-01 00:00:00.00,1944
1909-10-01 00:00:00.00,1826
1909-11-01 00:00:00.00,1454
1909-12-01 00:00:00.00,191
1910-01-01 00:00:00.00,3
1910-02-01 00:00:00.00,213
1910-03-01 00:00:00.00,191
1910-04-01 00:00:00.00,1507
1910-05-01 00:00:00.00,1349
1910-06-01 00:00:00.00,6804
1910-07-01 00:00:00.00,4496
1910-08-01 00:00:00.00,3821
1910-09-01 00:00:00.00,2217
1910-10-01 00:00:00.00,4101
1910-11-01 00:00:00.00,2618
1910-12-01 00:00:00.00,0
1911-01-01 00:00:00.00,55
1911-02-01 00:00:00.00,63
1911-03-01 00:00:00.00,200
1911-04-01 00:00:00.00,488
1911-05-01 00:00:00.00,1918
1911-06-01 00:00:00.00,8951
1911-07-01 00:00:00.00,6271
1911-08-01 00:00:00.00,1837
1911-09-01 00:00:00.00,462
1911-10-01 00:00:00.00,3259
1911-11-01 00:00:00.00,1520
1911-12-01 00:00:00.00,902
1912-01-01 00:00:00.00,6
1912-02-01 00:00:00.00,135
1912-03-01 00:00:00.00,107
1912-04-01 00:00:00.00,1127
1912-05-01 00:00:00.00,1994
1912-06-01 00:00:00.00,9944
1912-07-01 00:00:00.00,7235
1912-08-01 00:00:00.00,5116
1912-09-01 00:00:00.00,1473
1912-10-01 00:00:00.00,5518
1912-11-01 00:00:00.00,1245
1912-12-01 00:00:00.00,207
1913-01-01 00:00:00.00,18
1913-02-01 00:00:00.00,173
1913-03-01 00:00:00.00,205
1913-04-01 00:00:00.00,726
1913-05-01 00:00:00.00,2338
1913-06-01 00:00:00.00,5167
1913-07-01 00:00:00.00,6530
1913-08-01 00:00:00.00,1961
1913-09-01 00:00:00.00,1882
1913-10-01 00:00:00.00,4407
1913-11-01 00:00:00.00,918
1913-12-01 00:00:00.00,400
1914-01-01 00:00:00.00,0
1914-02-01 00:00:00.00,67
1914-03-01 00:00:00.00,157
1914-04-01 00:00:00.00,352
1914-05-01 00:00:00.00,1937
1914-06-01 00:00:00.00,6169
1914-07-01 00:00:00.00,7814
1914-08-01 00:00:00.00,3987
1914-09-01 00:00:00.00,2230
1914-10-01 00:00:00.00,4120
1914-11-01 00:00:00.00,854
1914-12-01 00:00:00.00,1572
1915-01-01 00:00:00.00,235
1915-02-01 00:00:00.00,146
1915-03-01 00:00:00.00,385
1915-04-01 00:00:00.00,1323
1915-05-01 00:00:00.00,1886
1915-06-01 00:00:00.00,6738
1915-07-01 00:00:00.00,8447
1915-08-01 00:00:00.00,2805
1915-09-01 00:00:00.00,4693
1915-10-01 00:00:00.00,1652
1915-11-01 00:00:00.00,3094
1915-12-01 00:00:00.00,208
1916-01-01 00:00:00.00,0
1916-02-01 00:00:00.00,104
1916-03-01 00:00:00.00,213
1916-04-01 00:00:00.00,955
1916-05-01 00:00:00.00,2346
1916-06-01 00:00:00.00,8356
1916-07-01 00:00:00.00,5102
1916-08-01 00:00:00.00,3660
1916-09-01 00:00:00.00,3180
1916-10-01 00:00:00.00,3259
1916-11-01 00:00:00.00,1346
1916-12-01 00:00:00.00,139
1917-01-01 00:00:00.00,9
1917-02-01 00:00:00.00,622
1917-03-01 00:00:00.00,769
1917-04-01 00:00:00.00,422
1917-05-01 00:00:00.00,1427
1917-06-01 00:00:00.00,7398
1917-07-01 00:00:00.00,3710
1917-08-01 00:00:00.00,3505
1917-09-01 00:00:00.00,4544
1917-10-01 00:00:00.00,3008
1917-11-01 00:00:00.00,2274
1917-12-01 00:00:00.00,421
1918-01-01 00:00:00.00,470
1918-02-01 00:00:00.00,33
1918-03-01 00:00:00.00,138
1918-04-01 00:00:00.00,615
1918-05-01 00:00:00.00,7314
1918-06-01 00:00:00.00,5708
1918-07-01 00:00:00.00,1525
1918-08-01 00:00:00.00,3297
1918-09-01 00:00:00.00,972
1918-10-01 00:00:00.00,2300
1918-11-01 00:00:00.00,2728
1918-12-01 00:00:00.00,641
1919-01-01 00:00:00.00,540
1919-02-01 00:00:00.00,144
1919-03-01 00:00:00.00,292
1919-04-01 00:00:00.00,698
1919-05-01 00:00:00.00,2868
1919-06-01 00:00:00.00,5883
1919-07-01 00:00:00.00,6384
1919-08-01 00:00:00.00,4415
1919-09-01 00:00:00.00,2846
1919-10-01 00:00:00.00,2427
1919-11-01 00:00:00.00,3389
1919-12-01 00:00:00.00,614
1920-01-01 00:00:00.00,248
1920-02-01 00:00:00.00,40
1920-03-01 00:00:00.00,310
1920-04-01 00:00:00.00,2021
1920-05-01 00:00:00.00,695
1920-06-01 00:00:00.00,11114
1920-07-01 00:00:00.00,8563
1920-08-01 00:00:00.00,2242
1920-09-01 00:00:00.00,2027
1920-10-01 00:00:00.00,4069
1920-11-01 00:00:00.00,2851
1920-12-01 00:00:00.00,152
1921-01-01 00:00:00.00,390
1921-02-01 00:00:00.00,45
1921-03-01 00:00:00.00,154
1921-04-01 00:00:00.00,1828
1921-05-01 00:00:00.00,1113
1921-06-01 00:00:00.00,4792
1921-07-01 00:00:00.00,5481
1921-08-01 00:00:00.00,6539
1921-09-01 00:00:00.00,1385
1921-10-01 00:00:00.00,3355
1921-11-01 00:00:00.00,1405
1921-12-01 00:00:00.00,95
1922-01-01 00:00:00.00,131
1922-02-01 00:00:00.00,205
1922-03-01 00:00:00.00,351
1922-04-01 00:00:00.00,689
1922-05-01 00:00:00.00,3551
1922-06-01 00:00:00.00,7706
1922-07-01 00:00:00.00,10715
1922-08-01 00:00:00.00,2599
1922-09-01 00:00:00.00,2163
1922-10-01 00:00:00.00,2334
1922-11-01 00:00:00.00,2782
1922-12-01 00:00:00.00,173
1923-01-01 00:00:00.00,92
1923-02-01 00:00:00.00,0
1923-03-01 00:00:00.00,891
1923-04-01 00:00:00.00,409
1923-05-01 00:00:00.00,812
1923-06-01 00:00:00.00,7483
1923-07-01 00:00:00.00,8232
1923-08-01 00:00:00.00,8291
1923-09-01 00:00:00.00,2652
1923-10-01 00:00:00.00,1877
1923-11-01 00:00:00.00,891
1923-12-01 00:00:00.00,356
1924-01-01 00:00:00.00,190
1924-02-01 00:00:00.00,52
1924-03-01 00:00:00.00,744
1924-04-01 00:00:00.00,1303
1924-05-01 00:00:00.00,1999
1924-06-01 00:00:00.00,10145
1924-07-01 00:00:00.00,12533
1924-08-01 00:00:00.00,5839
1924-09-01 00:00:00.00,2636
1924-10-01 00:00:00.00,1536
1924-11-01 00:00:00.00,1928
1924-12-01 00:00:00.00,544
1925-01-01 00:00:00.00,4
1925-02-01 00:00:00.00,238
1925-03-01 00:00:00.00,760
1925-04-01 00:00:00.00,984
1925-05-01 00:00:00.00,2890
1925-06-01 00:00:00.00,6609
1925-07-01 00:00:00.00,5699
1925-08-01 00:00:00.00,5357
1925-09-01 00:00:00.00,1789
1925-10-01 00:00:00.00,2850
1925-11-01 00:00:00.00,2461
1925-12-01 00:00:00.00,1034
1926-01-01 00:00:00.00,184
1926-02-01 00:00:00.00,46
1926-03-01 00:00:00.00,205
1926-04-01 00:00:00.00,416
1926-05-01 00:00:00.00,2529
1926-06-01 00:00:00.00,6492
1926-07-01 00:00:00.00,8017
1926-08-01 00:00:00.00,4355
1926-09-01 00:00:00.00,3383
1926-10-01 00:00:00.00,2489
1926-11-01 00:00:00.00,1228
1926-12-01 00:00:00.00,173
1927-01-01 00:00:00.00,240
1927-02-01 00:00:00.00,441
1927-03-01 00:00:00.00,634
1927-04-01 00:00:00.00,681
1927-05-01 00:00:00.00,3000
1927-06-01 00:00:00.00,7052
1927-07-01 00:00:00.00,7871
1927-08-01 00:00:00.00,2685
1927-09-01 00:00:00.00,3670
1927-10-01 00:00:00.00,1175
1927-11-01 00:00:00.00,1229
1927-12-01 00:00:00.00,69
1928-01-01 00:00:00.00,118
1928-02-01 00:00:00.00,744
1928-03-01 00:00:00.00,450
1928-04-01 00:00:00.00,1086
1928-05-01 00:00:00.00,730
1928-06-01 00:00:00.00,5365
1928-07-01 00:00:00.00,4076
1928-08-01 00:00:00.00,5146
1928-09-01 00:00:00.00,846
1928-10-01 00:00:00.00,3225
1928-11-01 00:00:00.00,1277
1928-12-01 00:00:00.00,452
1929-01-01 00:00:00.00,93
1929-02-01 00:00:00.00,515
1929-03-01 00:00:00.00,385
1929-04-01 00:00:00.00,2127
1929-05-01 00:00:00.00,1211
1929-06-01 00:00:00.00,9844
1929-07-01 00:00:00.00,7794
1929-08-01 00:00:00.00,2453
1929-09-01 00:00:00.00,2946
1929-10-01 00:00:00.00,3845
1929-11-01 00:00:00.00,1494
1929-12-01 00:00:00.00,338
1930-01-01 00:00:00.00,243
1930-02-01 00:00:00.00,82
1930-03-01 00:00:00.00,585
1930-04-01 00:00:00.00,1007
1930-05-01 00:00:00.00,4407
1930-06-01 00:00:00.00,5968
1930-07-01 00:00:00.00,3709
1930-08-01 00:00:00.00,2435
1930-09-01 00:00:00.00,3993
1930-10-01 00:00:00.00,4088
1930-11-01 00:00:00.00,1885
1930-12-01 00:00:00.00,816
1931-01-01 00:00:00.00,12
1931-02-01 00:00:00.00,9
1931-03-01 00:00:00.00,72
1931-04-01 00:00:00.00,1045
1931-05-01 00:00:00.00,1574
1931-06-01 00:00:00.00,5753
1931-07-01 00:00:00.00,6063
1931-08-01 00:00:00.00,10235
1931-09-01 00:00:00.00,1562
1931-10-01 00:00:00.00,1597
1931-11-01 00:00:00.00,1364
1931-12-01 00:00:00.00,1141
1932-01-01 00:00:00.00,3
1932-02-01 00:00:00.00,103
1932-03-01 00:00:00.00,452
1932-04-01 00:00:00.00,871
1932-05-01 00:00:00.00,6980
1932-06-01 00:00:00.00,3141
1932-07-01 00:00:00.00,5574
1932-08-01 00:00:00.00,3975
1932-09-01 00:00:00.00,3023
1932-10-01 00:00:00.00,5698
1932-11-01 00:00:00.00,2493
1932-12-01 00:00:00.00,288
1933-01-01 00:00:00.00,0
1933-02-01 00:00:00.00,51
1933-03-01 00:00:00.00,478
1933-04-01 00:00:00.00,1516
1933-05-01 00:00:00.00,8374
1933-06-01 00:00:00.00,7982
1933-07-01 00:00:00.00,6701
1933-08-01 00:00:00.00,4254
1933-09-01 00:00:00.00,4099
1933-10-01 00:00:00.00,4040
1933-11-01 00:00:00.00,1136
1933-12-01 00:00:00.00,209
1934-01-01 00:00:00.00,687
1934-02-01 00:00:00.00,18
1934-03-01 00:00:00.00,353
1934-04-01 00:00:00.00,978
1934-05-01 00:00:00.00,1311
1934-06-01 00:00:00.00,8862
1934-07-01 00:00:00.00,3288
1934-08-01 00:00:00.00,2808
1934-09-01 00:00:00.00,403
1934-10-01 00:00:00.00,3345
1934-11-01 00:00:00.00,966
1934-12-01 00:00:00.00,57
1935-01-01 00:00:00.00,275
1935-02-01 00:00:00.00,70
1935-03-01 00:00:00.00,301
1935-04-01 00:00:00.00,1202
1935-05-01 00:00:00.00,426
1935-06-01 00:00:00.00,4208
1935-07-01 00:00:00.00,6158
1935-08-01 00:00:00.00,2742
1935-09-01 00:00:00.00,2542
1935-10-01 00:00:00.00,3837
1935-11-01 00:00:00.00,1466
1935-12-01 00:00:00.00,120
1936-01-01 00:00:00.00,7
1936-02-01 00:00:00.00,216
1936-03-01 00:00:00.00,1154
1936-04-01 00:00:00.00,549
1936-05-01 00:00:00.00,5325
1936-06-01 00:00:00.00,6074
1936-07-01 00:00:00.00,6405
1936-08-01 00:00:00.00,3024
1936-09-01 00:00:00.00,3044
1936-10-01 00:00:00.00,2340
1936-11-01 00:00:00.00,2126
1936-12-01 00:00:00.00,165
1937-01-01 00:00:00.00,110
1937-02-01 00:00:00.00,196
1937-03-01 00:00:00.00,553
1937-04-01 00:00:00.00,1699
1937-05-01 00:00:00.00,1280
1937-06-01 00:00:00.00,4950
1937-07-01 00:00:00.00,9871
1937-08-01 00:00:00.00,2729
1937-09-01 00:00:00.00,1369
1937-10-01 00:00:00.00,3974
1937-11-01 00:00:00.00,1179
1937-12-01 00:00:00.00,205
1938-01-01 00:00:00.00,0
1938-02-01 00:00:00.00,876
1938-03-01 00:00:00.00,405
1938-04-01 00:00:00.00,1762
1938-05-01 00:00:00.00,1812
1938-06-01 00:00:00.00,6341
1938-07-01 00:00:00.00,6368
1938-08-01 00:00:00.00,2893
1938-09-01 00:00:00.00,1993
1938-10-01 00:00:00.00,1715
1938-11-01 00:00:00.00,638
1938-12-01 00:00:00.00,204
1939-01-01 00:00:00.00,90
1939-02-01 00:00:00.00,45
1939-03-01 00:00:00.00,208
1939-04-01 00:00:00.00,2264
1939-05-01 00:00:00.00,1392
1939-06-01 00:00:00.00,6943
1939-07-01 00:00:00.00,7087
1939-08-01 00:00:00.00,3276
1939-09-01 00:00:00.00,1363
1939-10-01 00:00:00.00,3042
1939-11-01 00:00:00.00,3166
1939-12-01 00:00:00.00,74
1940-01-01 00:00:00.00,3
1940-02-01 00:00:00.00,0
1940-03-01 00:00:00.00,1
1940-04-01 00:00:00.00,1195
1940-05-01 00:00:00.00,2430
1940-06-01 00:00:00.00,5906
1940-07-01 00:00:00.00,8949
1940-08-01 00:00:00.00,6031
1940-09-01 00:00:00.00,406
1940-10-01 00:00:00.00,3101
1940-11-01 00:00:00.00,2544
1940-12-01 00:00:00.00,450
1941-01-01 00:00:00.00,181
1941-02-01 00:00:00.00,47
1941-03-01 00:00:00.00,85
1941-04-01 00:00:00.00,1048
1941-05-01 00:00:00.00,4831
1941-06-01 00:00:00.00,7349
1941-07-01 00:00:00.00,4310
1941-08-01 00:00:00.00,4086
1941-09-01 00:00:00.00,2913
1941-10-01 00:00:00.00,2356
1941-11-01 00:00:00.00,2230
1941-12-01 00:00:00.00,900
1942-01-01 00:00:00.00,0
1942-02-01 00:00:00.00,25
1942-03-01 00:00:00.00,210
1942-04-01 00:00:00.00,1511
1942-05-01 00:00:00.00,2142
1942-06-01 00:00:00.00,8815
1942-07-01 00:00:00.00,7246
1942-08-01 00:00:00.00,2562
1942-09-01 00:00:00.00,821
1942-10-01 00:00:00.00,4075
1942-11-01 00:00:00.00,892
1942-12-01 00:00:00.00,1465
1943-01-01 00:00:00.00,599
1943-02-01 00:00:00.00,161
1943-03-01 00:00:00.00,507
1943-04-01 00:00:00.00,1090
1943-05-01 00:00:00.00,5203
1943-06-01 00:00:00.00,9173
1943-07-01 00:00:00.00,6655
1943-08-01 00:00:00.00,1657
1943-09-01 00:00:00.00,2455
1943-10-01 00:00:00.00,4255
1943-11-01 00:00:00.00,2454
1943-12-01 00:00:00.00,193
1944-01-01 00:00:00.00,495
1944-02-01 00:00:00.00,373
1944-03-01 00:00:00.00,677
1944-04-01 00:00:00.00,633
1944-05-01 00:00:00.00,2377
1944-06-01 00:00:00.00,4980
1944-07-01 00:00:00.00,5501
1944-08-01 00:00:00.00,1908
1944-09-01 00:00:00.00,1351
1944-10-01 00:00:00.00,2731
1944-11-01 00:00:00.00,2356
1944-12-01 00:00:00.00,789
1945-01-01 00:00:00.00,82
1945-02-01 00:00:00.00,209
1945-03-01 00:00:00.00,65
1945-04-01 00:00:00.00,957
1945-05-01 00:00:00.00,412
1945-06-01 00:00:00.00,5574
1945-07-01 00:00:00.00,6875
1945-08-01 00:00:00.00,3453
1945-09-01 00:00:00.00,1017
1945-10-01 00:00:00.00,2423
1945-11-01 00:00:00.00,2835
1945-12-01 00:00:00.00,197
1946-01-01 00:00:00.00,2
1946-02-01 00:00:00.00,13
1946-03-01 00:00:00.00,1286
1946-04-01 00:00:00.00,1589
1946-05-01 00:00:00.00,1021
1946-06-01 00:00:00.00,9463
1946-07-01 00:00:00.00,6793
1946-08-01 00:00:00.00,6135
1946-09-01 00:00:00.00,2061
1946-10-01 00:00:00.00,2720
1946-11-01 00:00:00.00,3131
1946-12-01 00:00:00.00,2211
1947-01-01 00:00:00.00,220
1947-02-01 00:00:00.00,349
1947-03-01 00:00:00.00,921
1947-04-01 00:00:00.00,1469
1947-05-01 00:00:00.00,869
1947-06-01 00:00:00.00,6284
1947-07-01 00:00:00.00,6315
1947-08-01 00:00:00.00,7517
1947-09-01 00:00:00.00,4241
1947-10-01 00:00:00.00,1571
1947-11-01 00:00:00.00,202
1947-12-01 00:00:00.00,396
1948-01-01 00:00:00.00,319
1948-02-01 00:00:00.00,56
1948-03-01 00:00:00.00,757
1948-04-01 00:00:00.00,1160
1948-05-01 00:00:00.00,2154
1948-06-01 00:00:00.00,9612
1948-07-01 00:00:00.00,6062
1948-08-01 00:00:00.00,3815
1948-09-01 00:00:00.00,1493
1948-10-01 00:00:00.00,1763
1948-11-01 00:00:00.00,2233
1948-12-01 00:00:00.00,280
1949-01-01 00:00:00.00,6
1949-02-01 00:00:00.00,25
1949-03-01 00:00:00.00,23
1949-04-01 00:00:00.00,1090
1949-05-01 00:00:00.00,4782
1949-06-01 00:00:00.00,5414
1949-07-01 00:00:00.00,7470
1949-08-01 00:00:00.00,4181
1949-09-01 00:00:00.00,3619
1949-10-01 00:00:00.00,2091
1949-11-01 00:00:00.00,844
1949-12-01 00:00:00.00,3
1950-01-01 00:00:00.00,0
1950-02-01 00:00:00.00,587
1950-03-01 00:00:00.00,370
1950-04-01 00:00:00.00,664
1950-05-01 00:00:00.00,2706
1950-06-01 00:00:00.00,6175
1950-07-01 00:00:00.00,8178
1950-08-01 00:00:00.00,4073
1950-09-01 00:00:00.00,3893
1950-10-01 00:00:00.00,2647
1950-11-01 00:00:00.00,2042
1950-12-01 00:00:00.00,64
1951-01-01 00:00:00.00,37
1951-02-01 00:00:00.00,28
1951-03-01 00:00:00.00,572
1951-04-01 00:00:00.00,1722
1951-05-01 00:00:00.00,1385
1951-06-01 00:00:00.00,8156
1951-07-01 00:00:00.00,4535
1951-08-01 00:00:00.00,1522
1951-09-01 00:00:00.00,3066
1951-10-01 00:00:00.00,2607
1951-11-01 00:00:00.00,2144
1951-12-01 00:00:00.00,290
1952-01-01 00:00:00.00,34
1952-02-01 00:00:00.00,456
1952-03-01 00:00:00.00,278
1952-04-01 00:00:00.00,1268
1952-05-01 00:00:00.00,2668
1952-06-01 00:00:00.00,6065
1952-07-01 00:00:00.00,3931
1952-08-01 00:00:00.00,3860
1952-09-01 00:00:00.00,464
1952-10-01 00:00:00.00,3022
1952-11-01 00:00:00.00,494
1952-12-01 00:00:00.00,592
1953-01-01 00:00:00.00,120
1953-02-01 00:00:00.00,191
1953-03-01 00:00:00.00,179
1953-04-01 00:00:00.00,1273
1953-05-01 00:00:00.00,635
1953-06-01 00:00:00.00,3092
1953-07-01 00:00:00.00,10302
1953-08-01 00:00:00.00,2477
1953-09-01 00:00:00.00,1049
1953-10-01 00:00:00.00,4571
1953-11-01 00:00:00.00,914
1953-12-01 00:00:00.00,42
1954-01-01 00:00:00.00,269
1954-02-01 00:00:00.00,60
1954-03-01 00:00:00.00,1026
1954-04-01 00:00:00.00,1606
1954-05-01 00:00:00.00,2371
1954-06-01 00:00:00.00,8468
1954-07-01 00:00:00.00,5694
1954-08-01 00:00:00.00,3916
1954-09-01 00:00:00.00,1998
1954-10-01 00:00:00.00,2760
1954-11-01 00:00:00.00,405
1954-12-01 00:00:00.00,675
1955-01-01 00:00:00.00,14
1955-02-01 00:00:00.00,130
1955-03-01 00:00:00.00,425
1955-04-01 00:00:00.00,1274
1955-05-01 00:00:00.00,5444
1955-06-01 00:00:00.00,7625
1955-07-01 00:00:00.00,3661
1955-08-01 00:00:00.00,1955
1955-09-01 00:00:00.00,4502
1955-10-01 00:00:00.00,4325
1955-11-01 00:00:00.00,2109
1955-12-01 00:00:00.00,115
1956-01-01 00:00:00.00,44
1956-02-01 00:00:00.00,110
1956-03-01 00:00:00.00,146
1956-04-01 00:00:00.00,1941
1956-05-01 00:00:00.00,4124
1956-06-01 00:00:00.00,7404
1956-07-01 00:00:00.00,3433
1956-08-01 00:00:00.00,2704
1956-09-01 00:00:00.00,1688
1956-10-01 00:00:00.00,4159
1956-11-01 00:00:00.00,1772
1956-12-01 00:00:00.00,45
1957-01-01 00:00:00.00,13
1957-02-01 00:00:00.00,171
1957-03-01 00:00:00.00,337
1957-04-01 00:00:00.00,874
1957-05-01 00:00:00.00,4084
1957-06-01 00:00:00.00,8928
1957-07-01 00:00:00.00,7877
1957-08-01 00:00:00.00,3384
1957-09-01 00:00:00.00,360
1957-10-01 00:00:00.00,2690
1957-11-01 00:00:00.00,1693
1957-12-01 00:00:00.00,375
1958-01-01 00:00:00.00,58
1958-02-01 00:00:00.00,291
1958-03-01 00:00:00.00,609
1958-04-01 00:00:00.00,1177
1958-05-01 00:00:00.00,3861
1958-06-01 00:00:00.00,7815
1958-07-01 00:00:00.00,4843
1958-08-01 00:00:00.00,4212
1958-09-01 00:00:00.00,574
1958-10-01 00:00:00.00,1796
1958-11-01 00:00:00.00,1741
1958-12-01 00:00:00.00,62
1959-01-01 00:00:00.00,1
1959-02-01 00:00:00.00,153
1959-03-01 00:00:00.00,95
1959-04-01 00:00:00.00,1615
1959-05-01 00:00:00.00,3954
1959-06-01 00:00:00.00,7146
1959-07-01 00:00:00.00,9063
1959-08-01 00:00:00.00,3759
1959-09-01 00:00:00.00,3520
1959-10-01 00:00:00.00,1912
1959-11-01 00:00:00.00,1460
1959-12-01 00:00:00.00,319
1960-01-01 00:00:00.00,120
1960-02-01 00:00:00.00,86
1960-03-01 00:00:00.00,366
1960-04-01 00:00:00.00,1950
1960-05-01 00:00:00.00,5933
1960-06-01 00:00:00.00,5173
1960-07-01 00:00:00.00,6737
1960-08-01 00:00:00.00,3280
1960-09-01 00:00:00.00,3489
1960-10-01 00:00:00.00,2341
1960-11-01 00:00:00.00,3621
1960-12-01 00:00:00.00,186
1961-01-01 00:00:00.00,115
1961-02-01 00:00:00.00,409
1961-03-01 00:00:00.00,124
1961-04-01 00:00:00.00,899
1961-05-01 00:00:00.00,4618
1961-06-01 00:00:00.00,9613
1961-07-01 00:00:00.00,9524
1961-08-01 00:00:00.00,6373
1961-09-01 00:00:00.00,3924
1961-10-01 00:00:00.00,2560
1961-11-01 00:00:00.00,778
1961-12-01 00:00:00.00,135
1962-01-01 00:00:00.00,335
1962-02-01 00:00:00.00,509
1962-03-01 00:00:00.00,265
1962-04-01 00:00:00.00,775
1962-05-01 00:00:00.00,5018
1962-06-01 00:00:00.00,2772
1962-07-01 00:00:00.00,8688
1962-08-01 00:00:00.00,4745
1962-09-01 00:00:00.00,3284
1962-10-01 00:00:00.00,4176
1962-11-01 00:00:00.00,250
1962-12-01 00:00:00.00,625
1963-01-01 00:00:00.00,273
1963-02-01 00:00:00.00,348
1963-03-01 00:00:00.00,606
1963-04-01 00:00:00.00,898
1963-05-01 00:00:00.00,1333
1963-06-01 00:00:00.00,4138
1963-07-01 00:00:00.00,6905
1963-08-01 00:00:00.00,4936
1963-09-01 00:00:00.00,2242
1963-10-01 00:00:00.00,2045
1963-11-01 00:00:00.00,942
1963-12-01 00:00:00.00,347
1964-01-01 00:00:00.00,13
1964-02-01 00:00:00.00,60
1964-03-01 00:00:00.00,819
1964-04-01 00:00:00.00,722
1964-05-01 00:00:00.00,969
1964-06-01 00:00:00.00,3379
1964-07-01 00:00:00.00,7157
1964-08-01 00:00:00.00,3880
1964-09-01 00:00:00.00,3975
1964-10-01 00:00:00.00,3438
1964-11-01 00:00:00.00,1274
1964-12-01 00:00:00.00,129
1965-01-01 00:00:00.00,47
1965-02-01 00:00:00.00,28
1965-03-01 00:00:00.00,197
1965-04-01 00:00:00.00,955
1965-05-01 00:00:00.00,2079
1965-06-01 00:00:00.00,5811
1965-07-01 00:00:00.00,4244
1965-08-01 00:00:00.00,2994
1965-09-01 00:00:00.00,1596
1965-10-01 00:00:00.00,1684
1965-11-01 00:00:00.00,1004
1965-12-01 00:00:00.00,1544
1966-01-01 00:00:00.00,13
1966-02-01 00:00:00.00,116
1966-03-01 00:00:00.00,446
1966-04-01 00:00:00.00,926
1966-05-01 00:00:00.00,757
1966-06-01 00:00:00.00,5158
1966-07-01 00:00:00.00,4628
1966-08-01 00:00:00.00,1504
1966-09-01 00:00:00.00,2762
1966-10-01 00:00:00.00,4403
1966-11-01 00:00:00.00,2627
1966-12-01 00:00:00.00,537
1967-01-01 00:00:00.00,312
1967-02-01 00:00:00.00,0
1967-03-01 00:00:00.00,243
1967-04-01 00:00:00.00,441
1967-05-01 00:00:00.00,2661
1967-06-01 00:00:00.00,5893
1967-07-01 00:00:00.00,7246
1967-08-01 00:00:00.00,5578
1967-09-01 00:00:00.00,1393
1967-10-01 00:00:00.00,1929
1967-11-01 00:00:00.00,841
1967-12-01 00:00:00.00,413
1968-01-01 00:00:00.00,61
1968-02-01 00:00:00.00,362
1968-03-01 00:00:00.00,1029
1968-04-01 00:00:00.00,1443
1968-05-01 00:00:00.00,940
1968-06-01 00:00:00.00,6858
1968-07-01 00:00:00.00,12811
1968-08-01 00:00:00.00,3626
1968-09-01 00:00:00.00,2799
1968-10-01 00:00:00.00,1479
1968-11-01 00:00:00.00,1330
1968-12-01 00:00:00.00,253
1969-01-01 00:00:00.00,46
1969-02-01 00:00:00.00,23
1969-03-01 00:00:00.00,211
1969-04-01 00:00:00.00,1352
1969-05-01 00:00:00.00,2253
1969-06-01 00:00:00.00,5817
1969-07-01 00:00:00.00,7943
1969-08-01 00:00:00.00,2749
1969-09-01 00:00:00.00,1990
1969-10-01 00:00:00.00,2823
1969-11-01 00:00:00.00,1130
1969-12-01 00:00:00.00,829
1970-01-01 00:00:00.00,157
1970-02-01 00:00:00.00,129
1970-03-01 00:00:00.00,408
1970-04-01 00:00:00.00,1658
1970-05-01 00:00:00.00,2557
1970-06-01 00:00:00.00,5763
1970-07-01 00:00:00.00,5439
1970-08-01 00:00:00.00,5473
1970-09-01 00:00:00.00,2222
1970-10-01 00:00:00.00,2973
1970-11-01 00:00:00.00,573
1970-12-01 00:00:00.00,24
1971-01-01 00:00:00.00,474
1971-02-01 00:00:00.00,256
1971-03-01 00:00:00.00,257
1971-04-01 00:00:00.00,1037
1971-05-01 00:00:00.00,3457
1971-06-01 00:00:00.00,8752
1971-07-01 00:00:00.00,6325
1971-08-01 00:00:00.00,3792
1971-09-01 00:00:00.00,3515
1971-10-01 00:00:00.00,1942
1971-11-01 00:00:00.00,366
1971-12-01 00:00:00.00,413
1972-01-01 00:00:00.00,26
1972-02-01 00:00:00.00,86
1972-03-01 00:00:00.00,33
1972-04-01 00:00:00.00,919
1972-05-01 00:00:00.00,5067
1972-06-01 00:00:00.00,4166
1972-07-01 00:00:00.00,7000
1972-08-01 00:00:00.00,2797
1972-09-01 00:00:00.00,1772
1972-10-01 00:00:00.00,3780
1972-11-01 00:00:00.00,1533
1972-12-01 00:00:00.00,1140
1973-01-01 00:00:00.00,0
1973-02-01 00:00:00.00,0
1973-03-01 00:00:00.00,79
1973-04-01 00:00:00.00,1373
1973-05-01 00:00:00.00,1227
1973-06-01 00:00:00.00,6484
1973-07-01 00:00:00.00,5298
1973-08-01 00:00:00.00,4757
1973-09-01 00:00:00.00,668
1973-10-01 00:00:00.00,3008
1973-11-01 00:00:00.00,868
1973-12-01 00:00:00.00,310
1974-01-01 00:00:00.00,15
1974-02-01 00:00:00.00,122
1974-03-01 00:00:00.00,187
1974-04-01 00:00:00.00,1553
1974-05-01 00:00:00.00,3147
1974-06-01 00:00:00.00,2899
1974-07-01 00:00:00.00,9887
1974-08-01 00:00:00.00,5227
1974-09-01 00:00:00.00,4093
1974-10-01 00:00:00.00,1578
1974-11-01 00:00:00.00,716
1974-12-01 00:00:00.00,34
1975-01-01 00:00:00.00,16
1975-02-01 00:00:00.00,320
1975-03-01 00:00:00.00,887
1975-04-01 00:00:00.00,1627
1975-05-01 00:00:00.00,1730
1975-06-01 00:00:00.00,9092
1975-07-01 00:00:00.00,5094
1975-08-01 00:00:00.00,6445
1975-09-01 00:00:00.00,4585
1975-10-01 00:00:00.00,3985
1975-11-01 00:00:00.00,1978
1975-12-01 00:00:00.00,180
1976-01-01 00:00:00.00,1
1976-02-01 00:00:00.00,0
1976-03-01 00:00:00.00,234
1976-04-01 00:00:00.00,1732
1976-05-01 00:00:00.00,1100
1976-06-01 00:00:00.00,2225
1976-07-01 00:00:00.00,6080
1976-08-01 00:00:00.00,3236
1976-09-01 00:00:00.00,1065
1976-10-01 00:00:00.00,2527
1976-11-01 00:00:00.00,3279
1976-12-01 00:00:00.00,241
1977-01-01 00:00:00.00,11
1977-02-01 00:00:00.00,91
1977-03-01 00:00:00.00,422
1977-04-01 00:00:00.00,1111
1977-05-01 00:00:00.00,3722
1977-06-01 00:00:00.00,6183
1977-07-01 00:00:00.00,7318
1977-08-01 00:00:00.00,2389
1977-09-01 00:00:00.00,2008
1977-10-01 00:00:00.00,4326
1977-11-01 00:00:00.00,3798
1977-12-01 00:00:00.00,158
1978-01-01 00:00:00.00,68
1978-02-01 00:00:00.00,384
1978-03-01 00:00:00.00,379
1978-04-01 00:00:00.00,753
1978-05-01 00:00:00.00,4206
1978-06-01 00:00:00.00,7671
1978-07-01 00:00:00.00,6797
1978-08-01 00:00:00.00,4663
1978-09-01 00:00:00.00,1347
1978-10-01 00:00:00.00,1488
1978-11-01 00:00:00.00,3755
1978-12-01 00:00:00.00,184
1979-01-01 00:00:00.00,19
1979-02-01 00:00:00.00,440
1979-03-01 00:00:00.00,85
1979-04-01 00:00:00.00,672
1979-05-01 00:00:00.00,1369
1979-06-01 00:00:00.00,6725
1979-07-01 00:00:00.00,5977
1979-08-01 00:00:00.00,3341
1979-09-01 00:00:00.00,2641
1979-10-01 00:00:00.00,2078
1979-11-01 00:00:00.00,3278
1979-12-01 00:00:00.00,368
1980-01-01 00:00:00.00,1
1980-02-01 00:00:00.00,93
1980-03-01 00:00:00.00,274
1980-04-01 00:00:00.00,1162
1980-05-01 00:00:00.00,1233
1980-06-01 00:00:00.00,7593
1980-07-01 00:00:00.00,7011
1980-08-01 00:00:00.00,3702
1980-09-01 00:00:00.00,1448
1980-10-01 00:00:00.00,3063
1980-11-01 00:00:00.00,1800
1980-12-01 00:00:00.00,542
1981-01-01 00:00:00.00,75
1981-02-01 00:00:00.00,167
1981-03-01 00:00:00.00,418
1981-04-01 00:00:00.00,1104
1981-05-01 00:00:00.00,2257
1981-06-01 00:00:00.00,11237
1981-07-01 00:00:00.00,4500
1981-08-01 00:00:00.00,5147
1981-09-01 00:00:00.00,4380
1981-10-01 00:00:00.00,2792
1981-11-01 00:00:00.00,1580
1981-12-01 00:00:00.00,186
1982-01-01 00:00:00.00,0
1982-02-01 00:00:00.00,1
1982-03-01 00:00:00.00,347
1982-04-01 00:00:00.00,625
1982-05-01 00:00:00.00,2111
1982-06-01 00:00:00.00,7145
1982-07-01 00:00:00.00,5028
1982-08-01 00:00:00.00,4547
1982-09-01 00:00:00.00,774
1982-10-01 00:00:00.00,1800
1982-11-01 00:00:00.00,1393
1982-12-01 00:00:00.00,121
1983-01-01 00:00:00.00,3
1983-02-01 00:00:00.00,0
1983-03-01 00:00:00.00,0
1983-04-01 00:00:00.00,310
1983-05-01 00:00:00.00,692
1983-06-01 00:00:00.00,3316
1983-07-01 00:00:00.00,5976
1983-08-01 00:00:00.00,5952
1983-09-01 00:00:00.00,5296
1983-10-01 00:00:00.00,1259
1983-11-01 00:00:00.00,1615
1983-12-01 00:00:00.00,742
1984-01-01 00:00:00.00,408
1984-02-01 00:00:00.00,726
1984-03-01 00:00:00.00,1127
1984-04-01 00:00:00.00,2213
1984-05-01 00:00:00.00,1163
1984-06-01 00:00:00.00,7136
1984-07-01 00:00:00.00,5326
1984-08-01 00:00:00.00,2309
1984-09-01 00:00:00.00,1452
1984-10-01 00:00:00.00,2507
1984-11-01 00:00:00.00,756
1984-12-01 00:00:00.00,212
1985-01-01 00:00:00.00,550
1985-02-01 00:00:00.00,166
1985-03-01 00:00:00.00,385
1985-04-01 00:00:00.00,1000
1985-05-01 00:00:00.00,3075
1985-06-01 00:00:00.00,8373
1985-07-01 00:00:00.00,3931
1985-08-01 00:00:00.00,3014
1985-09-01 00:00:00.00,1161
1985-10-01 00:00:00.00,2344
1985-11-01 00:00:00.00,970
1985-12-01 00:00:00.00,327
1986-01-01 00:00:00.00,24
1986-02-01 00:00:00.00,241
1986-03-01 00:00:00.00,328
1986-04-01 00:00:00.00,954
1986-05-01 00:00:00.00,1107
1986-06-01 00:00:00.00,6108
1986-07-01 00:00:00.00,3167
1986-08-01 00:00:00.00,3636
1986-09-01 00:00:00.00,2377
1986-10-01 00:00:00.00,1457
1986-11-01 00:00:00.00,2003
1986-12-01 00:00:00.00,70
1987-01-01 00:00:00.00,10
1987-02-01 00:00:00.00,9
1987-03-01 00:00:00.00,99
1987-04-01 00:00:00.00,868
1987-05-01 00:00:00.00,1186
1987-06-01 00:00:00.00,6289
1987-07-01 00:00:00.00,2382
1987-08-01 00:00:00.00,4300
1987-09-01 00:00:00.00,1595
1987-10-01 00:00:00.00,2956
1987-11-01 00:00:00.00,2091
1987-12-01 00:00:00.00,1282
1988-01-01 00:00:00.00,0
1988-02-01 00:00:00.00,194
1988-03-01 00:00:00.00,455
1988-04-01 00:00:00.00,1679
1988-05-01 00:00:00.00,1572
1988-06-01 00:00:00.00,6138
1988-07-01 00:00:00.00,5624
1988-08-01 00:00:00.00,4116
1988-09-01 00:00:00.00,4631
1988-10-01 00:00:00.00,823
1988-11-01 00:00:00.00,720
1988-12-01 00:00:00.00,309
1989-01-01 00:00:00.00,89
1989-02-01 00:00:00.00,1
1989-03-01 00:00:00.00,193
1989-04-01 00:00:00.00,1302
1989-05-01 00:00:00.00,1665
1989-06-01 00:00:00.00,7472
1989-07-01 00:00:00.00,4515
1989-08-01 00:00:00.00,2920
1989-09-01 00:00:00.00,2726
1989-10-01 00:00:00.00,3379
1989-11-01 00:00:00.00,823
1989-12-01 00:00:00.00,66
1990-01-01 00:00:00.00,112
1990-02-01 00:00:00.00,22
1990-03-01 00:00:00.00,240
1990-04-01 00:00:00.00,287
1990-05-01 00:00:00.00,5200
1990-06-01 00:00:00.00,4948
1990-07-01 00:00:00.00,6559
1990-08-01 00:00:00.00,2527
1990-09-01 00:00:00.00,1139
1990-10-01 00:00:00.00,3557
1990-11-01 00:00:00.00,1469
1990-12-01 00:00:00.00,1
1991-01-01 00:00:00.00,35
1991-02-01 00:00:00.00,18
1991-03-01 00:00:00.00,339
1991-04-01 00:00:00.00,787
1991-05-01 00:00:00.00,1303
1991-06-01 00:00:00.00,10659
1991-07-01 00:00:00.00,7963
1991-08-01 00:00:00.00,4502
1991-09-01 00:00:00.00,465
1991-10-01 00:00:00.00,3115
1991-11-01 00:00:00.00,899
1991-12-01 00:00:00.00,56
1992-01-01 00:00:00.00,11
1992-02-01 00:00:00.00,0
1992-03-01 00:00:00.00,2
1992-04-01 00:00:00.00,480
1992-05-01 00:00:00.00,2412
1992-06-01 00:00:00.00,7849
1992-07-01 00:00:00.00,6815
1992-08-01 00:00:00.00,5061
1992-09-01 00:00:00.00,2640
1992-10-01 00:00:00.00,3202
1992-11-01 00:00:00.00,3004
1992-12-01 00:00:00.00,32
1993-01-01 00:00:00.00,0
1993-02-01 00:00:00.00,96
1993-03-01 00:00:00.00,103
1993-04-01 00:00:00.00,634
1993-05-01 00:00:00.00,1526
1993-06-01 00:00:00.00,7090
1993-07-01 00:00:00.00,7276
1993-08-01 00:00:00.00,2093
1993-09-01 00:00:00.00,733
1993-10-01 00:00:00.00,4561
1993-11-01 00:00:00.00,1757
1993-12-01 00:00:00.00,720
1994-01-01 00:00:00.00,193
1994-02-01 00:00:00.00,427
1994-03-01 00:00:00.00,206
1994-04-01 00:00:00.00,1792
1994-05-01 00:00:00.00,1572
1994-06-01 00:00:00.00,8413
1994-07-01 00:00:00.00,8789
1994-08-01 00:00:00.00,4559
1994-09-01 00:00:00.00,2027
1994-10-01 00:00:00.00,4466
1994-11-01 00:00:00.00,1201
1994-12-01 00:00:00.00,40
1995-01-01 00:00:00.00,106
1995-02-01 00:00:00.00,64
1995-03-01 00:00:00.00,533
1995-04-01 00:00:00.00,1402
1995-05-01 00:00:00.00,3906
1995-06-01 00:00:00.00,5049
1995-07-01 00:00:00.00,6101
1995-08-01 00:00:00.00,4225
1995-09-01 00:00:00.00,2628
1995-10-01 00:00:00.00,1482
1995-11-01 00:00:00.00,1793
1995-12-01 00:00:00.00,0
1996-01-01 00:00:00.00,56
1996-02-01 00:00:00.00,69
1996-03-01 00:00:00.00,161
1996-04-01 00:00:00.00,1256
1996-05-01 00:00:00.00,800
1996-06-01 00:00:00.00,5831
1996-07-01 00:00:00.00,6601
1996-08-01 00:00:00.00,3026
1996-09-01 00:00:00.00,3242
1996-10-01 00:00:00.00,2823
1996-11-01 00:00:00.00,1165
1996-12-01 00:00:00.00,680
1997-01-01 00:00:00.00,1
1997-02-01 00:00:00.00,2
1997-03-01 00:00:00.00,412
1997-04-01 00:00:00.00,538
1997-05-01 00:00:00.00,1648
1997-06-01 00:00:00.00,6409
1997-07-01 00:00:00.00,9438
1997-08-01 00:00:00.00,5198
1997-09-01 00:00:00.00,2960
1997-10-01 00:00:00.00,2892
1997-11-01 00:00:00.00,2742
1997-12-01 00:00:00.00,833
1998-01-01 00:00:00.00,36
1998-02-01 00:00:00.00,21
1998-03-01 00:00:00.00,197
1998-04-01 00:00:00.00,520
1998-05-01 00:00:00.00,2045
1998-06-01 00:00:00.00,7625
1998-07-01 00:00:00.00,5530
1998-08-01 00:00:00.00,3088
1998-09-01 00:00:00.00,5226
1998-10-01 00:00:00.00,4500
1998-11-01 00:00:00.00,1035
1998-12-01 00:00:00.00,885
1999-01-01 00:00:00.00,19
1999-02-01 00:00:00.00,242
1999-03-01 00:00:00.00,207
1999-04-01 00:00:00.00,1340
1999-05-01 00:00:00.00,4894
1999-06-01 00:00:00.00,6125
1999-07-01 00:00:00.00,6103
1999-08-01 00:00:00.00,2236
1999-09-01 00:00:00.00,1536
1999-10-01 00:00:00.00,5932
1999-11-01 00:00:00.00,1061
1999-12-01 00:00:00.00,47
2000-01-01 00:00:00.00,73
2000-02-01 00:00:00.00,656
2000-03-01 00:00:00.00,324
2000-04-01 00:00:00.00,823
2000-05-01 00:00:00.00,1100
2000-06-01 00:00:00.00,5556
2000-07-01 00:00:00.00,2771
2000-08-01 00:00:00.00,5322
2000-09-01 00:00:00.00,1886
2000-10-01 00:00:00.00,2144
2000-11-01 00:00:00.00,931
2000-12-01 00:00:00.00,604
2001-01-01 00:00:00.00,261
2001-02-01 00:00:00.00,388
2001-03-01 00:00:00.00,78
2001-04-01 00:00:00.00,2341
2001-05-01 00:00:00.00,2578
2001-06-01 00:00:00.00,6141
2001-07-01 00:00:00.00,4624
2001-08-01 00:00:00.00,3455
2001-09-01 00:00:00.00,2454
2001-10-01 00:00:00.00,2833
2001-11-01 00:00:00.00,1038
2001-12-01 00:00:00.00,98
2002-01-01 00:00:00.00,48
2002-02-01 00:00:00.00,80
2002-03-01 00:00:00.00,340
2002-04-01 00:00:00.00,1155
2002-05-01 00:00:00.00,3524
2002-06-01 00:00:00.00,5147
2002-07-01 00:00:00.00,2831
2002-08-01 00:00:00.00,3867
2002-09-01 00:00:00.00,1115
2002-10-01 00:00:00.00,5812
2002-11-01 00:00:00.00,2078
2002-12-01 00:00:00.00,3
2003-01-01 00:00:00.00,6
2003-02-01 00:00:00.00,511
2003-03-01 00:00:00.00,585
2003-04-01 00:00:00.00,1545
2003-05-01 00:00:00.00,875
2003-06-01 00:00:00.00,5929
2003-07-01 00:00:00.00,5246
2003-08-01 00:00:00.00,3325
2003-09-01 00:00:00.00,796
2003-10-01 00:00:00.00,3517
2003-11-01 00:00:00.00,714
2003-12-01 00:00:00.00,69
2004-01-01 00:00:00.00,43
2004-02-01 00:00:00.00,81
2004-03-01 00:00:00.00,285
2004-04-01 00:00:00.00,974
2004-05-01 00:00:00.00,6931
2004-06-01 00:00:00.00,6361
2004-07-01 00:00:00.00,3194
2004-08-01 00:00:00.00,3224
2004-09-01 00:00:00.00,1424
2004-10-01 00:00:00.00,3568
2004-11-01 00:00:00.00,1083
2004-12-01 00:00:00.00,29
2005-01-01 00:00:00.00,141
2005-02-01 00:00:00.00,27
2005-03-01 00:00:00.00,134
2005-04-01 00:00:00.00,1737
2005-05-01 00:00:00.00,1307
2005-06-01 00:00:00.00,5112
2005-07-01 00:00:00.00,5531
2005-08-01 00:00:00.00,1913
2005-09-01 00:00:00.00,3000
2005-10-01 00:00:00.00,1950
2005-11-01 00:00:00.00,1698
2005-12-01 00:00:00.00,457
2006-01-01 00:00:00.00,103
2006-02-01 00:00:00.00,35
2006-03-01 00:00:00.00,433
2006-04-01 00:00:00.00,590
2006-05-01 00:00:00.00,4559
2006-06-01 00:00:00.00,6236
2006-07-01 00:00:00.00,6117
2006-08-01 00:00:00.00,3646
2006-09-01 00:00:00.00,4504
2006-10-01 00:00:00.00,3301
2006-11-01 00:00:00.00,2028
2006-12-01 00:00:00.00,6
2007-01-01 00:00:00.00,3
2007-02-01 00:00:00.00,139
2007-03-01 00:00:00.00,27
2007-04-01 00:00:00.00,1195
2007-05-01 00:00:00.00,2153
2007-06-01 00:00:00.00,6440
2007-07-01 00:00:00.00,8036
2007-08-01 00:00:00.00,3898
2007-09-01 00:00:00.00,4848
2007-10-01 00:00:00.00,3437
2007-11-01 00:00:00.00,1040
2007-12-01 00:00:00.00,66
2008-01-01 00:00:00.00,0
2008-02-01 00:00:00.00,268
2008-03-01 00:00:00.00,2428
2008-04-01 00:00:00.00,1336
2008-05-01 00:00:00.00,744
2008-06-01 00:00:00.00,4275
2008-07-01 00:00:00.00,4710
2008-08-01 00:00:00.00,2636
2008-09-01 00:00:00.00,3126
2008-10-01 00:00:00.00,3477
2008-11-01 00:00:00.00,743
2008-12-01 00:00:00.00,212
2009-01-01 00:00:00.00,17
2009-02-01 00:00:00.00,0
2009-03-01 00:00:00.00,542
2009-04-01 00:00:00.00,867
2009-05-01 00:00:00.00,2091
2009-06-01 00:00:00.00,4522
2009-07-01 00:00:00.00,7852
2009-08-01 00:00:00.00,2219
2009-09-01 00:00:00.00,2415
2009-10-01 00:00:00.00,1988
2009-11-01 00:00:00.00,2819
2009-12-01 00:00:00.00,509
2010-01-01 00:00:00.00,133
2010-02-01 00:00:00.00,2
2010-03-01 00:00:00.00,717
2010-04-01 00:00:00.00,1389
2010-05-01 00:00:00.00,2132
2010-06-01 00:00:00.00,6719
2010-07-01 00:00:00.00,5795
2010-08-01 00:00:00.00,2916
2010-09-01 00:00:00.00,2472
2010-10-01 00:00:00.00,4757
2010-11-01 00:00:00.00,3308
2010-12-01 00:00:00.00,510
2011-01-01 00:00:00.00,257
2011-02-01 00:00:00.00,542
2011-03-01 00:00:00.00,365
2011-04-01 00:00:00.00,1262
2011-05-01 00:00:00.00,1373
2011-06-01 00:00:00.00,6919
2011-07-01 00:00:00.00,5169
2011-08-01 00:00:00.00,4530
2011-09-01 00:00:00.00,3352
2011-10-01 00:00:00.00,1734
2011-11-01 00:00:00.00,1436
2011-12-01 00:00:00.00,905
2012-01-01 00:00:00.00,97
2012-02-01 00:00:00.00,106
2012-03-01 00:00:00.00,349
2012-04-01 00:00:00.00,1607
2012-05-01 00:00:00.00,905
2012-06-01 00:00:00.00,4521
2012-07-01 00:00:00.00,3327
2012-08-01 00:00:00.00,4457
2012-09-01 00:00:00.00,2357
2012-10-01 00:00:00.00,1862
2012-11-01 00:00:00.00,1108
2012-12-01 00:00:00.00,88
2013-01-01 00:00:00.00,55
2013-02-01 00:00:00.00,432
2013-03-01 00:00:00.00,537
2013-04-01 00:00:00.00,401
2013-05-01 00:00:00.00,1423
2013-06-01 00:00:00.00,10680
2013-07-01 00:00:00.00,7337
2013-08-01 00:00:00.00,3356
2013-09-01 00:00:00.00,2788
2013-10-01 00:00:00.00,3390
2013-11-01 00:00:00.00,1392
2013-12-01 00:00:00.00,94
2014-01-01 00:00:00.00,34
2014-02-01 00:00:00.00,62
2014-03-01 00:00:00.00,235
2014-04-01 00:00:00.00,895
2014-05-01 00:00:00.00,2830
2014-06-01 00:00:00.00,4339
2014-07-01 00:00:00.00,6154
2014-08-01 00:00:00.00,7075
2014-09-01 00:00:00.00,2861
2014-10-01 00:00:00.00,3724
2014-11-01 00:00:00.00,1070
2014-12-01 00:00:00.00,403
2015-01-01 00:00:00.00,41
2015-02-01 00:00:00.00,60
2015-03-01 00:00:00.00,596
2015-04-01 00:00:00.00,2177
2015-05-01 00:00:00.00,2074
2015-06-01 00:00:00.00,5972
2015-07-01 00:00:00.00,3608
2015-08-01 00:00:00.00,2276
2015-09-01 00:00:00.00,2712
2015-10-01 00:00:00.00,2966
2015-11-01 00:00:00.00,2283
2015-12-01 00:00:00.00,811
2016-01-01 00:00:00.00,30
2016-02-01 00:00:00.00,170
2016-03-01 00:00:00.00,266
2016-04-01 00:00:00.00,338
2016-05-01 00:00:00.00,2656
2016-06-01 00:00:00.00,6309
2016-07-01 00:00:00.00,3921
2016-08-01 00:00:00.00,2085
2016-09-01 00:00:00.00,777
2016-10-01 00:00:00.00,1006
2016-11-01 00:00:00.00,592
2016-12-01 00:00:00.00,224
