,date,Ajmer,Barmer,Jodhpur,Jaisalmer,Bikaner,Ganganagar,Hanumangarh,Churu
0,1901-01-01 00:00:00.00,5.082,2.614,2.931,4.544,4.66,4.913,7.229,5.894
1,1901-02-01 00:00:00.00,0.769,0.0,0.006,0.172,0.231,0.905,2.148,1.736
2,1901-03-01 00:00:00.00,0.182,0.271,0.149,0.418,0.911,3.45,4.499,2.105
3,1901-04-01 00:00:00.00,0.291,0.0,0.012,0.051,0.114,0.909,0.774,0.088
4,1901-05-01 00:00:00.00,3.47,5.371,6.766,5.447,13.3,17.427,17.679,14.237
5,1901-06-01 00:00:00.00,18.436,2.973,5.995,3.076,5.099,6.418,9.179,10.101
6,1901-07-01 00:00:00.00,185.767,58.736,93.194,31.771,60.695,62.454,93.689,105.579
7,1901-08-01 00:00:00.00,108.43,32.053,51.908,24.3,58.874,52.113,75.861,92.003
8,1901-09-01 00:00:00.00,6.478,0.488,0.554,1.595,1.223,2.55,0.464,0.436
9,1901-10-01 00:00:00.00,8.023,2.213,2.141,0.18,0.18,0.064,0.0,0.344
10,1901-11-01 00:00:00.00,0.039,0.0,0.0,0.0,0.0,0.0,0.0,0.0
11,1901-12-01 00:00:00.00,6.618,3.169,2.818,2.942,0.897,0.032,0.122,1.805
12,1902-01-01 00:00:00.00,0.991,0.0,0.025,0.0,0.0,0.0,0.0,0.0
13,1902-02-01 00:00:00.00,0.0,0.0,0.0,0.0,0.0,0.005,0.0,0.0
14,1902-03-01 00:00:00.00,0.004,0.0,0.0,0.019,0.073,1.258,1.598,0.404
15,1902-04-01 00:00:00.00,0.04,0.0,0.009,0.028,0.251,1.16,2.203,1.574
16,1902-05-01 00:00:00.00,0.231,12.139,10.08,15.442,9.183,4.23,6.13,3.819
17,1902-06-01 00:00:00.00,69.584,28.334,43.154,22.555,38.818,31.579,44.017,59.935
18,1902-07-01 00:00:00.00,89.631,19.33,16.605,19.416,22.888,23.931,52.466,62.764
19,1902-08-01 00:00:00.00,99.575,110.85,80.353,77.485,47.366,33.247,50.939,59.809
20,1902-09-01 00:00:00.00,66.101,57.47,42.358,30.02,30.573,25.341,32.904,36.147
21,1902-10-01 00:00:00.00,2.721,0.074,0.89,0.834,1.974,1.666,1.767,2.168
22,1902-11-01 00:00:00.00,7.319,0.0,0.16,0.0,0.0,0.0,0.0,0.0
23,1902-12-01 00:00:00.00,0.558,0.0,0.0,0.078,0.036,0.026,0.0,0.0
24,1903-01-01 00:00:00.00,0.337,0.118,0.478,0.793,2.291,3.079,3.324,2.452
25,1903-02-01 00:00:00.00,0.089,0.171,0.028,0.0,0.0,0.024,0.039,0.0
26,1903-03-01 00:00:00.00,1.305,8.711,6.798,8.166,2.269,1.697,1.488,0.541
27,1903-04-01 00:00:00.00,0.0,0.0,0.0,0.066,0.123,0.323,0.001,0.0
28,1903-05-01 00:00:00.00,11.937,5.198,9.763,3.337,4.472,4.737,5.388,5.804
29,1903-06-01 00:00:00.00,3.44,0.387,2.382,3.17,6.908,7.035,6.964,6.784
30,1903-07-01 00:00:00.00,287.291,177.786,183.743,104.379,118.927,85.996,104.537,153.637
31,1903-08-01 00:00:00.00,185.468,54.755,92.367,27.261,59.237,52.907,67.153,80.709
32,1903-09-01 00:00:00.00,147.905,61.476,87.405,25.546,47.679,36.785,42.227,59.005
33,1903-10-01 00:00:00.00,2.383,0.0,0.034,0.0,0.072,0.122,0.856,1.209
34,1903-11-01 00:00:00.00,0.039,0.0,0.0,0.0,0.0,0.0,0.0,0.0
35,1903-12-01 00:00:00.00,0.0,0.056,0.526,1.5,3.065,5.466,4.552,3.627
36,1904-01-01 00:00:00.00,0.429,4.82,3.521,7.771,6.23,6.584,7.151,4.945
37,1904-02-01 00:00:00.00,2.02,1.699,2.554,3.298,1.149,0.101,0.0,0.644
38,1904-03-01 00:00:00.00,26.237,9.914,14.034,15.43,24.411,37.956,32.2,24.329
39,1904-04-01 00:00:00.00,0.0,0.014,0.463,0.686,2.602,3.42,2.689,1.635
40,1904-05-01 00:00:00.00,14.769,1.509,4.385,0.432,1.963,1.691,6.491,8.983
41,1904-06-01 00:00:00.00,51.707,12.494,24.628,9.909,21.652,18.691,23.51,28.856
42,1904-07-01 00:00:00.00,117.672,26.117,27.2,6.823,13.195,11.378,27.602,41.807
43,1904-08-01 00:00:00.00,79.146,9.726,22.378,13.088,31.162,31.0,49.157,55.881
44,1904-09-01 00:00:00.00,68.75,21.379,45.406,20.516,48.473,38.479,53.818,73.457
45,1904-10-01 00:00:00.00,11.705,3.916,7.015,1.274,2.146,1.146,1.07,2.726
46,1904-11-01 00:00:00.00,5.116,0.412,2.895,2.627,5.486,5.712,8.313,11.771
47,1904-12-01 00:00:00.00,11.12,3.805,5.758,2.799,6.235,6.6,9.867,13.182
48,1905-01-01 00:00:00.00,4.074,2.654,4.846,4.828,11.729,13.361,17.03,14.674
49,1905-02-01 00:00:00.00,6.229,5.606,8.786,12.854,6.966,6.476,7.233,6.608
50,1905-03-01 00:00:00.00,2.075,0.661,0.421,0.747,1.535,3.286,2.706,1.984
51,1905-04-01 00:00:00.00,8.199,7.704,12.948,5.906,9.175,4.368,3.122,7.189
52,1905-05-01 00:00:00.00,2.768,0.0,0.075,0.272,0.589,1.394,0.393,0.372
53,1905-06-01 00:00:00.00,20.722,5.196,10.124,2.676,5.544,5.272,8.14,9.549
54,1905-07-01 00:00:00.00,99.946,67.403,27.542,8.278,11.633,14.489,32.62,35.551
55,1905-08-01 00:00:00.00,9.432,1.415,1.208,0.586,0.698,0.612,0.884,1.042
56,1905-09-01 00:00:00.00,62.886,22.229,29.462,18.703,33.02,45.504,60.325,42.814
57,1905-10-01 00:00:00.00,0.0,0.0,0.0,0.0,0.024,0.355,0.614,0.094
58,1905-11-01 00:00:00.00,0.039,0.0,0.0,0.0,0.0,0.0,0.0,0.0
59,1905-12-01 00:00:00.00,0.19,1.679,0.8,4.384,2.151,4.169,3.391,1.937
60,1906-01-01 00:00:00.00,0.0,0.0,0.0,0.0,0.0,0.0,0.0,0.0
61,1906-02-01 00:00:00.00,43.472,37.5,69.363,64.279,76.107,78.49,74.793,75.787
62,1906-03-01 00:00:00.00,3.039,8.58,8.077,14.319,15.615,20.274,17.177,13.309
63,1906-04-01 00:00:00.00,0.0,0.0,0.0,0.057,0.118,0.747,0.565,0.039
64,1906-05-01 00:00:00.00,1.03,0.246,0.734,0.085,0.366,0.9,1.075,0.77
65,1906-06-01 00:00:00.00,48.59,23.588,14.496,21.857,17.122,14.505,28.509,33.1
66,1906-07-01 00:00:00.00,160.278,81.314,78.659,43.756,38.305,26.511,46.983,69.781
67,1906-08-01 00:00:00.00,72.257,54.743,59.569,52.675,84.986,73.737,85.666,98.428
68,1906-09-01 00:00:00.00,136.599,65.832,66.964,23.301,42.449,47.532,76.499,74.117
69,1906-10-01 00:00:00.00,0.059,0.688,0.086,0.042,0.05,0.081,0.0,0.0
70,1906-11-01 00:00:00.00,0.039,0.0,0.0,0.0,0.0,0.0,0.0,0.0
71,1906-12-01 00:00:00.00,18.342,5.801,8.835,6.063,11.016,14.611,12.719,16.772
72,1907-01-01 00:00:00.00,4.374,0.527,1.085,0.222,0.511,1.041,2.487,2.192
73,1907-02-01 00:00:00.00,20.537,11.817,24.075,15.342,12.559,12.483,16.304,18.055
74,1907-03-01 00:00:00.00,0.667,5.185,3.025,6.845,3.978,5.225,5.271,3.285
75,1907-04-01 00:00:00.00,14.725,10.437,15.83,5.104,21.067,20.773,24.433,26.257
76,1907-05-01 00:00:00.00,4.882,0.85,3.251,1.049,5.539,4.936,4.78,6.153
77,1907-06-01 00:00:00.00,10.65,71.631,36.407,80.224,31.338,19.365,18.347,14.966
78,1907-07-01 00:00:00.00,86.726,33.82,59.069,37.204,105.894,96.012,98.47,125.136
79,1907-08-01 00:00:00.00,261.89,156.236,156.761,77.64,99.74,77.904,102.23,128.29
80,1907-09-01 00:00:00.00,1.833,3.714,0.719,0.249,0.315,0.265,0.366,0.436
81,1907-10-01 00:00:00.00,0.0,0.0,0.0,0.042,0.034,0.174,0.24,0.0
82,1907-11-01 00:00:00.00,0.45,0.0,0.012,0.0,0.0,0.0,0.0,0.0
83,1907-12-01 00:00:00.00,0.0,0.0,0.0,0.0,0.0,0.0,0.0,0.0
84,1908-01-01 00:00:00.00,11.288,3.7,7.674,5.025,8.388,8.257,11.393,11.677
85,1908-02-01 00:00:00.00,0.0,0.097,0.011,0.172,0.225,0.592,1.793,1.819
86,1908-03-01 00:00:00.00,0.0,0.0,0.0,0.019,0.005,0.092,0.0,0.0
87,1908-04-01 00:00:00.00,0.422,0.394,6.029,6.527,30.448,30.223,21.922,20.918
88,1908-05-01 00:00:00.00,3.262,1.335,2.342,1.705,3.392,2.757,4.038,5.113
89,1908-06-01 00:00:00.00,27.672,3.491,8.467,4.873,10.108,13.595,15.474,11.122
90,1908-07-01 00:00:00.00,432.441,192.078,230.896,92.14,161.946,128.783,174.455,250.153
91,1908-08-01 00:00:00.00,313.776,163.022,209.535,110.246,163.295,157.705,229.703,246.453
92,1908-09-01 00:00:00.00,288.739,97.855,166.879,32.713,61.146,35.873,39.181,75.023
93,1908-10-01 00:00:00.00,0.893,0.0,0.0,0.042,0.034,0.018,0.007,0.0
94,1908-11-01 00:00:00.00,6.134,2.898,3.415,0.35,0.236,0.0,0.0,0.529
95,1908-12-01 00:00:00.00,0.19,0.0,0.0,0.058,0.068,0.809,0.823,0.082
96,1909-01-01 00:00:00.00,13.532,3.578,6.865,2.585,3.038,1.379,2.29,4.829
97,1909-02-01 00:00:00.00,0.223,0.084,1.182,2.111,5.31,8.332,8.849,6.872
98,1909-03-01 00:00:00.00,0.0,0.0,0.0,0.019,0.005,0.092,0.0,0.0
99,1909-04-01 00:00:00.00,26.655,18.548,42.041,14.099,55.342,47.758,42.418,50.571
100,1909-05-01 00:00:00.00,5.956,0.18,0.133,0.158,0.854,0.953,7.406,9.293
101,1909-06-01 00:00:00.00,40.131,11.352,24.49,17.64,40.436,44.904,67.917,69.648
102,1909-07-01 00:00:00.00,323.511,183.073,203.5,134.668,170.704,144.411,180.139,230.831
103,1909-08-01 00:00:00.00,61.572,54.833,63.718,60.304,134.023,119.614,136.461,153.561
104,1909-09-01 00:00:00.00,256.662,103.05,149.57,46.022,91.215,75.047,93.904,117.437
105,1909-10-01 00:00:00.00,0.0,0.114,0.005,0.0,0.0,0.0,0.0,0.026
106,1909-11-01 00:00:00.00,0.039,0.0,0.0,0.0,0.0,0.0,0.0,0.0
107,1909-12-01 00:00:00.00,5.524,2.404,3.187,6.084,8.33,17.879,18.159,13.438
108,1910-01-01 00:00:00.00,2.646,1.038,1.618,1.736,2.154,3.477,4.973,3.631
109,1910-02-01 00:00:00.00,0.715,0.171,0.536,0.087,0.238,0.299,1.702,1.839
110,1910-03-01 00:00:00.00,0.0,0.0,0.0,0.025,0.025,0.234,0.392,0.233
111,1910-04-01 00:00:00.00,9.81,5.736,13.739,3.887,13.29,12.009,9.9,11.137
112,1910-05-01 00:00:00.00,2.865,0.0,0.082,0.158,0.394,1.067,0.547,0.309
113,1910-06-01 00:00:00.00,109.868,128.105,91.676,87.598,44.483,33.614,36.011,37.6
114,1910-07-01 00:00:00.00,84.464,118.98,73.021,100.102,62.239,48.61,61.546,75.249
115,1910-08-01 00:00:00.00,170.467,90.439,138.099,99.145,191.307,166.676,182.736,221.348
116,1910-09-01 00:00:00.00,38.937,2.008,6.783,4.338,11.503,9.328,22.778,31.099
117,1910-10-01 00:00:00.00,2.553,0.074,0.919,0.727,1.983,1.304,1.827,3.485
118,1910-11-01 00:00:00.00,0.766,0.0,0.018,0.0,0.0,0.0,0.0,0.0
119,1910-12-01 00:00:00.00,0.0,0.0,0.0,0.0,0.001,0.391,0.438,0.029
120,1911-01-01 00:00:00.00,3.577,1.531,2.262,2.901,4.151,6.249,11.025,8.219
121,1911-02-01 00:00:00.00,0.0,0.0,0.0,0.043,0.027,0.434,0.345,0.0
122,1911-03-01 00:00:00.00,21.05,51.049,48.078,39.396,50.678,63.934,48.122,38.286
123,1911-04-01 00:00:00.00,0.0,0.092,1.401,1.508,7.046,7.598,5.686,4.687
124,1911-05-01 00:00:00.00,0.004,0.0,0.006,0.088,0.386,2.399,2.768,0.499
125,1911-06-01 00:00:00.00,38.845,18.642,20.575,8.304,18.517,20.449,31.549,32.521
126,1911-07-01 00:00:00.00,20.769,1.097,2.999,2.46,7.787,9.332,14.64,14.809
127,1911-08-01 00:00:00.00,33.769,2.828,10.1,8.437,21.609,24.877,32.677,27.962
128,1911-09-01 00:00:00.00,136.674,37.898,53.639,7.105,11.397,4.854,23.286,41.9
129,1911-10-01 00:00:00.00,0.0,0.155,1.6,1.552,3.991,3.043,4.321,6.268
130,1911-11-01 00:00:00.00,31.972,2.405,2.808,1.13,1.79,3.399,9.977,12.727
131,1911-12-01 00:00:00.00,1.232,0.0,0.0,0.053,0.043,0.102,0.0,0.0
132,1912-01-01 00:00:00.00,1.65,0.132,0.304,0.683,1.838,4.491,8.715,5.797
133,1912-02-01 00:00:00.00,0.089,0.0,0.012,0.181,0.296,0.665,2.84,2.875
134,1912-03-01 00:00:00.00,0.087,0.0,0.117,0.184,0.633,1.4,1.625,0.917
135,1912-04-01 00:00:00.00,1.152,0.738,3.213,2.286,10.718,13.889,16.609,14.097
136,1912-05-01 00:00:00.00,1.03,0.252,1.138,0.448,2.345,2.537,4.488,5.393
137,1912-06-01 00:00:00.00,62.467,24.93,37.114,12.506,22.198,18.439,18.862,28.149
138,1912-07-01 00:00:00.00,196.551,90.048,90.484,39.379,43.437,28.536,47.51,76.748
139,1912-08-01 00:00:00.00,231.075,129.197,142.747,66.543,72.592,61.078,88.607,107.196
140,1912-09-01 00:00:00.00,68.823,21.484,24.009,3.109,4.76,1.647,19.042,31.707
141,1912-10-01 00:00:00.00,19.958,15.506,15.222,2.282,4.904,1.972,3.328,7.467
142,1912-11-01 00:00:00.00,55.868,23.188,25.9,2.66,1.86,0.583,0.812,4.117
143,1912-12-01 00:00:00.00,0.41,0.0,0.0,0.0,0.005,0.4,0.525,0.097
144,1913-01-01 00:00:00.00,0.0,0.0,0.0,0.0,0.0,0.0,0.138,0.132
145,1913-02-01 00:00:00.00,3.473,0.429,1.478,1.909,5.572,9.681,13.514,10.323
146,1913-03-01 00:00:00.00,1.401,0.883,0.966,1.976,2.823,5.721,6.178,3.507
147,1913-04-01 00:00:00.00,0.0,0.092,1.408,1.503,7.036,6.434,4.893,5.301
148,1913-05-01 00:00:00.00,12.739,4.371,8.993,2.132,12.02,19.768,27.63,19.224
149,1913-06-01 00:00:00.00,50.94,39.894,32.73,19.857,38.766,35.122,49.3,59.146
150,1913-07-01 00:00:00.00,96.399,178.314,90.438,88.869,43.289,36.264,53.553,46.538
151,1913-08-01 00:00:00.00,58.362,84.121,44.44,37.329,15.777,23.154,37.875,21.79
152,1913-09-01 00:00:00.00,72.984,139.516,72.785,93.668,35.787,14.465,12.722,20.428
153,1913-10-01 00:00:00.00,0.0,0.0,0.0,0.0,0.0,0.08,0.159,0.0
154,1913-11-01 00:00:00.00,0.047,0.334,2.257,2.133,4.233,4.334,4.154,5.543
155,1913-12-01 00:00:00.00,1.797,3.9,1.592,9.656,3.218,5.296,3.923,3.084
156,1914-01-01 00:00:00.00,0.0,0.087,1.717,2.185,8.596,10.451,11.321,9.093
157,1914-02-01 00:00:00.00,3.628,5.63,7.089,10.979,4.847,5.235,5.115,3.537
158,1914-03-01 00:00:00.00,0.184,2.919,1.604,4.441,2.195,2.66,1.693,1.036
159,1914-04-01 00:00:00.00,4.707,1.963,6.091,2.906,12.466,13.621,14.249,13.698
160,1914-05-01 00:00:00.00,14.813,0.576,0.841,0.786,1.578,5.092,10.37,7.138
161,1914-06-01 00:00:00.00,96.292,62.308,68.024,60.781,63.792,48.726,43.747,58.499
162,1914-07-01 00:00:00.00,148.925,82.489,67.652,61.484,113.928,123.309,158.085,167.833
163,1914-08-01 00:00:00.00,117.045,42.534,60.958,16.74,34.943,30.289,39.243,50.316
164,1914-09-01 00:00:00.00,104.604,32.884,40.44,20.298,43.115,44.221,69.175,76.865
165,1914-10-01 00:00:00.00,2.955,12.658,5.207,7.467,1.891,2.666,4.078,1.869
166,1914-11-01 00:00:00.00,37.954,17.775,21.14,2.707,2.726,2.398,4.323,7.682
167,1914-12-01 00:00:00.00,0.4,0.0,0.0,0.125,0.126,1.81,1.904,0.209
168,1915-01-01 00:00:00.00,5.017,1.667,3.207,1.614,6.105,6.235,8.817,9.25
169,1915-02-01 00:00:00.00,5.559,2.987,9.852,9.743,27.339,39.731,41.031,31.541
170,1915-03-01 00:00:00.00,28.074,5.716,4.667,4.008,8.298,12.213,18.49,17.431
171,1915-04-01 00:00:00.00,2.252,0.898,1.576,0.963,1.895,3.131,8.365,9.297
172,1915-05-01 00:00:00.00,3.097,0.0,0.074,0.019,0.164,0.301,0.206,0.222
173,1915-06-01 00:00:00.00,30.884,8.235,8.437,4.737,7.033,10.021,12.618,11.244
174,1915-07-01 00:00:00.00,75.883,21.611,23.567,14.842,29.353,25.83,33.713,43.848
175,1915-08-01 00:00:00.00,45.145,6.134,15.596,10.295,20.16,16.472,23.66,29.889
176,1915-09-01 00:00:00.00,33.34,18.674,10.654,11.286,4.508,8.334,19.271,15.902
177,1915-10-01 00:00:00.00,53.144,26.33,33.596,10.105,18.332,11.688,12.769,22.13
178,1915-11-01 00:00:00.00,0.182,0.0,0.0,0.0,0.0,0.0,0.0,0.0
179,1915-12-01 00:00:00.00,0.339,0.0,0.0,0.0,0.001,0.344,0.449,0.053
180,1916-01-01 00:00:00.00,0.0,0.0,0.073,0.164,0.586,0.78,0.641,0.578
181,1916-02-01 00:00:00.00,0.838,0.0,0.114,0.341,0.975,2.236,6.499,5.584
182,1916-03-01 00:00:00.00,0.184,0.011,0.289,0.494,1.252,2.204,1.464,1.009
183,1916-04-01 00:00:00.00,0.198,0.42,6.518,6.725,32.228,29.058,20.605,22.116
184,1916-05-01 00:00:00.00,23.329,7.097,22.991,6.465,33.854,29.032,27.024,36.283
185,1916-06-01 00:00:00.00,34.946,27.681,29.254,35.52,47.974,38.986,40.139,49.11
186,1916-07-01 00:00:00.00,125.972,42.798,64.913,62.054,119.495,133.867,168.084,156.635
187,1916-08-01 00:00:00.00,304.538,263.757,234.662,176.177,150.378,111.934,134.082,182.186
188,1916-09-01 00:00:00.00,140.098,105.755,83.508,65.356,59.211,39.212,48.206,68.785
189,1916-10-01 00:00:00.00,10.985,37.575,22.801,25.596,19.416,11.116,11.931,18.093
190,1916-11-01 00:00:00.00,2.471,0.0,0.055,0.0,0.0,0.0,0.0,0.0
191,1916-12-01 00:00:00.00,0.0,0.0,0.0,0.0,0.0,0.0,0.0,0.0
192,1917-01-01 00:00:00.00,1.065,0.235,1.256,1.045,3.981,4.348,5.137,5.024
193,1917-02-01 00:00:00.00,9.959,10.464,11.552,1.368,2.493,0.097,1.377,5.483
194,1917-03-01 00:00:00.00,0.281,0.361,0.557,0.424,0.842,1.783,2.338,1.582
195,1917-04-01 00:00:00.00,17.575,13.156,33.562,19.582,73.465,62.616,47.966,54.233
196,1917-05-01 00:00:00.00,59.422,22.223,53.45,19.796,67.347,53.371,52.839,72.068
197,1917-06-01 00:00:00.00,198.547,71.0,109.42,14.591,22.219,13.891,28.762,50.319
198,1917-07-01 00:00:00.00,243.632,76.273,99.955,16.925,41.571,32.112,63.056,97.296
199,1917-08-01 00:00:00.00,386.326,236.92,268.264,115.009,162.964,126.747,169.715,215.546
200,1917-09-01 00:00:00.00,242.147,222.968,184.438,144.48,159.041,127.179,146.778,170.375
201,1917-10-01 00:00:00.00,28.464,12.391,14.828,5.154,8.267,6.146,9.068,13.521
202,1917-11-01 00:00:00.00,0.039,0.0,0.0,0.0,0.0,0.0,0.0,0.0
203,1917-12-01 00:00:00.00,17.203,8.11,8.579,8.427,5.655,5.099,4.224,8.922
204,1918-01-01 00:00:00.00,1.202,0.0,0.073,0.081,0.57,0.726,1.351,1.213
205,1918-02-01 00:00:00.00,0.0,0.0,0.0,0.0,0.0,0.229,0.25,0.0
206,1918-03-01 00:00:00.00,3.291,1.274,1.313,2.92,3.79,8.453,7.966,4.314
207,1918-04-01 00:00:00.00,0.0,0.014,0.475,0.707,3.052,8.366,9.045,3.621
208,1918-05-01 00:00:00.00,9.594,0.747,0.694,0.006,0.153,0.089,0.637,1.003
209,1918-06-01 00:00:00.00,15.226,8.484,3.671,3.658,4.935,11.832,14.016,8.08
210,1918-07-01 00:00:00.00,25.44,3.551,1.605,0.642,1.654,2.157,5.345,6.027
211,1918-08-01 00:00:00.00,60.958,54.79,34.293,22.102,30.238,31.094,53.496,56.134
212,1918-09-01 00:00:00.00,11.76,16.589,6.609,12.231,7.284,6.339,5.778,5.453
213,1918-10-01 00:00:00.00,0.0,0.0,0.0,0.0,0.0,0.0,0.0,0.0
214,1918-11-01 00:00:00.00,3.457,0.0,0.074,0.0,0.001,0.3,0.394,0.029
215,1918-12-01 00:00:00.00,0.0,5.99,2.768,14.255,6.108,7.842,6.209,5.407
216,1919-01-01 00:00:00.00,10.558,4.115,7.751,6.928,14.522,15.667,21.246,19.775
217,1919-02-01 00:00:00.00,0.0,0.029,0.843,1.346,3.945,6.862,6.303,3.888
218,1919-03-01 00:00:00.00,0.286,0.479,0.81,0.185,0.243,1.117,1.709,0.786
219,1919-04-01 00:00:00.00,31.999,21.792,47.546,13.853,48.69,33.68,24.128,38.669
220,1919-05-01 00:00:00.00,6.123,1.813,6.058,1.709,9.01,9.609,10.741,11.078
221,1919-06-01 00:00:00.00,20.565,6.165,1.339,0.378,0.355,0.467,0.305,0.354
222,1919-07-01 00:00:00.00,208.245,186.377,133.282,104.046,46.562,36.819,59.653,59.785
223,1919-08-01 00:00:00.00,149.909,113.937,108.03,71.531,165.348,150.535,173.401,203.197
224,1919-09-01 00:00:00.00,50.918,19.392,61.214,49.738,127.149,102.364,105.479,131.086
225,1919-10-01 00:00:00.00,3.875,0.0,0.141,0.0,0.0,0.0,0.0,0.0
226,1919-11-01 00:00:00.00,21.571,7.574,9.784,1.932,2.749,2.27,2.548,4.632
227,1919-12-01 00:00:00.00,1.025,0.896,0.541,2.984,2.156,4.814,4.768,3.285
228,1920-01-01 00:00:00.00,3.737,1.457,2.06,1.568,1.001,1.692,2.538,1.834
229,1920-02-01 00:00:00.00,3.83,2.542,4.048,4.669,2.366,2.428,3.265,2.809
230,1920-03-01 00:00:00.00,1.908,0.0,0.038,0.253,0.39,1.879,4.228,2.855
231,1920-04-01 00:00:00.00,0.0,0.693,10.679,10.852,52.532,46.192,31.786,34.844
232,1920-05-01 00:00:00.00,29.171,15.451,32.14,11.817,21.194,12.118,14.255,23.249
233,1920-06-01 00:00:00.00,146.164,64.307,101.852,45.222,97.396,71.876,76.687,113.803
234,1920-07-01 00:00:00.00,141.925,38.881,68.626,35.065,103.23,89.436,122.027,165.197
235,1920-08-01 00:00:00.00,29.881,16.843,16.02,11.426,18.038,24.991,42.531,34.18
236,1920-09-01 00:00:00.00,17.026,1.134,0.951,0.291,0.341,0.809,1.116,0.554
237,1920-10-01 00:00:00.00,0.0,0.0,0.0,0.0,0.0,0.0,0.0,0.0
238,1920-11-01 00:00:00.00,0.039,0.0,0.0,0.0,0.0,0.0,0.0,0.0
239,1920-12-01 00:00:00.00,0.0,0.0,0.0,0.0,0.0,0.0,0.0,0.0
240,1921-01-01 00:00:00.00,2.264,0.0,0.021,0.019,0.177,0.276,2.431,2.548
241,1921-02-01 00:00:00.00,0.0,0.0,0.0,0.019,0.017,0.085,0.0,0.0
242,1921-03-01 00:00:00.00,0.0,0.0,0.0,0.01,0.005,0.071,0.0,0.0
243,1921-04-01 00:00:00.00,0.04,0.014,0.471,0.531,2.429,2.423,2.404,2.442
244,1921-05-01 00:00:00.00,0.004,0.0,0.006,0.0,0.11,0.485,0.726,0.234
245,1921-06-01 00:00:00.00,20.897,0.425,3.137,3.36,8.291,10.907,14.338,10.919
246,1921-07-01 00:00:00.00,124.478,173.62,134.57,136.135,189.89,170.659,188.074,209.625
247,1921-08-01 00:00:00.00,74.848,111.491,91.618,111.074,112.64,93.443,128.285,146.598
248,1921-09-01 00:00:00.00,103.106,83.697,51.336,43.165,40.651,29.682,44.737,54.986
249,1921-10-01 00:00:00.00,0.0,0.026,0.016,0.009,0.097,0.54,1.365,1.253
250,1921-11-01 00:00:00.00,0.039,0.0,0.0,0.009,0.0,0.015,0.0,0.0
251,1921-12-01 00:00:00.00,0.0,0.581,0.49,2.727,2.015,4.159,3.054,1.891
252,1922-01-01 00:00:00.00,1.424,0.0,0.219,0.302,1.199,1.8,3.393,2.778
253,1922-02-01 00:00:00.00,0.838,0.801,1.195,2.317,1.36,2.129,1.375,0.855
254,1922-03-01 00:00:00.00,0.036,0.0,0.117,0.275,0.671,1.41,0.902,0.508
255,1922-04-01 00:00:00.00,0.348,1.306,3.849,4.684,16.551,14.707,10.404,10.627
256,1922-05-01 00:00:00.00,1.304,0.424,1.771,0.727,3.601,3.839,3.376,3.645
257,1922-06-01 00:00:00.00,36.502,8.748,10.553,3.661,6.188,10.677,17.232,15.07
258,1922-07-01 00:00:00.00,174.243,60.037,92.651,38.216,93.224,79.366,91.615,127.836
259,1922-08-01 00:00:00.00,49.711,65.047,26.963,30.798,16.611,15.499,28.787,32.332
260,1922-09-01 00:00:00.00,154.297,66.484,75.402,25.933,59.214,65.195,88.117,83.349
261,1922-10-01 00:00:00.00,0.602,0.173,1.806,1.714,4.33,2.983,3.134,4.864
262,1922-11-01 00:00:00.00,4.715,0.0,0.099,0.0,0.0,0.0,0.0,0.0
263,1922-12-01 00:00:00.00,5.372,0.1,0.85,2.128,4.738,10.063,11.197,8.225
264,1923-01-01 00:00:00.00,1.949,0.652,1.895,1.432,4.336,5.905,7.282,5.324
265,1923-02-01 00:00:00.00,6.439,4.908,7.963,4.809,4.219,5.304,12.745,12.35
266,1923-03-01 00:00:00.00,2.133,0.485,0.98,0.447,0.884,1.806,1.351,0.913
267,1923-04-01 00:00:00.00,0.526,13.005,2.251,0.531,2.677,7.475,7.662,2.174
268,1923-05-01 00:00:00.00,4.448,1.432,7.048,3.66,19.241,21.27,22.048,21.161
269,1923-06-01 00:00:00.00,3.636,1.243,9.37,10.472,24.516,19.88,18.664,23.237
270,1923-07-01 00:00:00.00,318.651,88.105,160.018,41.562,98.43,75.442,104.56,161.319
271,1923-08-01 00:00:00.00,178.468,119.416,123.755,96.1,91.315,78.156,109.324,128.909
272,1923-09-01 00:00:00.00,56.236,0.544,2.083,2.142,3.926,4.152,4.766,6.239
273,1923-10-01 00:00:00.00,1.823,0.674,0.932,0.176,0.218,0.67,1.098,0.925
274,1923-11-01 00:00:00.00,0.039,0.0,0.0,0.0,0.0,0.0,0.0,0.0
275,1923-12-01 00:00:00.00,1.108,0.295,2.444,6.243,13.657,23.84,24.052,18.89
276,1924-01-01 00:00:00.00,0.985,0.774,2.51,3.072,12.525,15.566,20.463,16.784
277,1924-02-01 00:00:00.00,2.335,0.577,1.747,0.795,1.536,5.531,8.144,4.511
278,1924-03-01 00:00:00.00,0.199,0.011,0.289,0.494,1.287,2.504,2.046,1.274
279,1924-04-01 00:00:00.00,0.0,0.063,0.925,1.115,4.803,4.835,3.016,3.052
280,1924-05-01 00:00:00.00,13.261,2.601,7.342,1.775,7.67,11.749,13.574,12.323
281,1924-06-01 00:00:00.00,28.257,13.953,15.285,4.686,9.9,6.655,9.584,15.407
282,1924-07-01 00:00:00.00,173.095,96.059,89.605,36.408,37.47,44.541,60.385,56.98
283,1924-08-01 00:00:00.00,96.739,47.378,52.646,32.263,54.787,45.02,71.389,91.169
284,1924-09-01 00:00:00.00,156.313,98.6,108.128,50.611,73.674,56.655,74.004,98.727
285,1924-10-01 00:00:00.00,6.354,0.0,0.259,0.0,0.184,0.107,1.909,3.388
286,1924-11-01 00:00:00.00,0.555,0.0,0.009,0.042,0.019,0.089,0.359,0.611
287,1924-12-01 00:00:00.00,20.793,5.801,9.401,7.074,14.584,23.644,25.108,23.711
288,1925-01-01 00:00:00.00,0.0,0.0,0.0,0.019,0.061,0.555,1.205,0.624
289,1925-02-01 00:00:00.00,0.0,0.0,0.0,0.193,0.152,0.654,0.177,0.0
290,1925-03-01 00:00:00.00,0.0,0.0,0.0,0.0,0.001,0.498,0.453,0.0
291,1925-04-01 00:00:00.00,0.0,0.0,0.0,0.028,0.062,0.372,0.219,0.0
292,1925-05-01 00:00:00.00,12.179,1.42,2.156,2.388,4.756,7.455,11.148,9.436
293,1925-06-01 00:00:00.00,94.669,46.916,55.081,29.843,68.207,67.874,81.47,82.505
294,1925-07-01 00:00:00.00,189.425,37.379,55.887,23.201,51.819,58.189,86.45,101.08
295,1925-08-01 00:00:00.00,64.993,30.248,30.158,13.305,7.322,11.339,24.853,22.046
296,1925-09-01 00:00:00.00,10.21,0.605,2.775,4.751,8.347,9.067,5.889,6.971
297,1925-10-01 00:00:00.00,0.0,0.0,0.001,0.315,0.223,0.628,0.326,0.105
298,1925-11-01 00:00:00.00,30.13,1.677,3.659,2.046,3.541,5.98,9.357,10.838
299,1925-12-01 00:00:00.00,0.042,0.0,0.0,0.0,0.0,0.0,0.0,0.0
300,1926-01-01 00:00:00.00,19.759,0.586,2.57,0.749,1.625,1.246,2.164,4.74
301,1926-02-01 00:00:00.00,0.677,0.0,0.012,0.164,0.105,0.44,0.041,0.0
302,1926-03-01 00:00:00.00,25.67,26.642,27.193,25.269,14.035,12.802,16.482,13.732
303,1926-04-01 00:00:00.00,6.289,2.428,5.314,0.937,2.37,3.274,5.546,5.949
304,1926-05-01 00:00:00.00,12.529,15.2,15.753,15.379,18.68,12.592,13.79,15.342
305,1926-06-01 00:00:00.00,11.719,1.337,2.388,0.397,0.529,0.299,0.537,1.001
306,1926-07-01 00:00:00.00,150.411,101.83,99.141,73.259,102.638,82.362,116.695,156.022
307,1926-08-01 00:00:00.00,238.098,158.875,155.47,106.52,113.732,102.874,137.704,148.428
308,1926-09-01 00:00:00.00,236.959,201.889,151.227,65.135,45.284,22.251,22.144,48.255
309,1926-10-01 00:00:00.00,0.0,0.0,0.0,0.042,0.034,0.013,0.0,0.0
310,1926-11-01 00:00:00.00,2.272,0.0,0.061,0.0,0.022,0.035,0.534,0.864
311,1926-12-01 00:00:00.00,0.0,0.172,1.361,3.99,7.779,12.591,10.543,9.061
312,1927-01-01 00:00:00.00,0.0,0.107,0.057,0.32,0.099,0.02,0.0,0.0
313,1927-02-01 00:00:00.00,6.497,6.464,10.013,10.485,13.404,15.412,15.484,14.817
314,1927-03-01 00:00:00.00,0.161,0.0,0.0,0.052,0.192,0.807,3.934,2.803
315,1927-04-01 00:00:00.00,0.348,0.0,0.006,0.101,0.318,1.526,2.148,1.226
316,1927-05-01 00:00:00.00,5.645,1.59,5.908,2.052,11.598,11.739,15.387,16.977
317,1927-06-01 00:00:00.00,16.276,9.047,7.876,5.357,12.505,11.592,13.441,14.616
318,1927-07-01 00:00:00.00,226.624,308.782,187.944,186.233,120.288,77.523,101.67,135.19
319,1927-08-01 00:00:00.00,332.879,135.348,188.442,48.352,70.862,47.009,67.134,108.655
320,1927-09-01 00:00:00.00,73.396,20.601,27.691,5.809,9.662,7.459,6.43,11.423
321,1927-10-01 00:00:00.00,10.979,4.437,6.687,1.423,3.062,1.679,3.36,6.573
322,1927-11-01 00:00:00.00,16.942,0.0,0.16,0.0,0.0,0.0,0.0,0.0
323,1927-12-01 00:00:00.00,12.568,12.623,8.522,20.672,13.171,20.385,18.184,16.935
324,1928-01-01 00:00:00.00,1.271,0.198,0.518,0.055,0.275,0.387,2.257,2.344
325,1928-02-01 00:00:00.00,4.957,0.417,1.23,0.714,0.966,2.257,7.313,6.919
326,1928-03-01 00:00:00.00,0.272,0.011,0.289,0.681,1.464,3.026,3.466,2.406
327,1928-04-01 00:00:00.00,0.0,0.092,1.43,1.457,7.419,8.952,10.332,8.864
328,1928-05-01 00:00:00.00,0.648,0.0,0.396,0.322,2.007,2.981,4.246,3.433
329,1928-06-01 00:00:00.00,10.745,0.716,2.565,2.356,6.008,8.458,15.003,13.551
330,1928-07-01 00:00:00.00,163.753,67.21,80.336,33.402,67.075,58.273,68.517,87.238
331,1928-08-01 00:00:00.00,190.028,83.537,148.13,75.262,143.345,116.871,127.311,159.752
332,1928-09-01 00:00:00.00,72.892,20.395,34.535,12.958,30.897,31.603,38.937,36.968
333,1928-10-01 00:00:00.00,36.64,27.837,21.708,10.373,4.219,0.811,1.346,5.156
334,1928-11-01 00:00:00.00,27.332,57.45,22.671,19.064,3.095,1.072,3.815,6.639
335,1928-12-01 00:00:00.00,7.672,0.0,0.058,0.327,0.331,2.041,3.065,1.912
336,1929-01-01 00:00:00.00,0.405,4.413,2.784,7.182,3.277,1.586,1.638,1.47
337,1929-02-01 00:00:00.00,1.264,0.0,0.055,0.043,0.027,0.424,0.329,0.0
338,1929-03-01 00:00:00.00,0.0,0.0,0.0,0.152,0.099,0.434,0.002,0.0
339,1929-04-01 00:00:00.00,7.588,5.208,6.402,4.261,7.441,5.337,8.07,10.278
340,1929-05-01 00:00:00.00,2.168,0.858,5.377,2.982,16.975,15.367,14.279,17.084
341,1929-06-01 00:00:00.00,45.372,14.098,12.562,2.12,3.824,18.038,26.812,9.123
342,1929-07-01 00:00:00.00,176.454,192.225,165.942,125.258,156.113,134.535,134.11,175.703
343,1929-08-01 00:00:00.00,187.611,179.272,146.991,106.684,50.908,46.843,65.273,56.433
344,1929-09-01 00:00:00.00,11.934,1.789,4.681,2.396,6.018,5.395,6.223,6.736
345,1929-10-01 00:00:00.00,1.656,0.0,0.049,0.0,0.0,0.005,0.088,0.052
346,1929-11-01 00:00:00.00,0.039,32.527,7.688,13.508,1.597,0.157,0.0,0.0
347,1929-12-01 00:00:00.00,9.77,5.103,6.235,9.676,13.722,23.856,23.194,20.251
348,1930-01-01 00:00:00.00,3.659,2.528,2.174,1.302,2.122,2.248,5.908,6.088
349,1930-02-01 00:00:00.00,0.53,0.0,0.388,0.618,1.896,3.004,5.731,5.128
350,1930-03-01 00:00:00.00,0.0,0.0,0.0,0.09,0.064,0.298,0.001,0.0
351,1930-04-01 00:00:00.00,3.204,7.34,11.893,12.595,29.589,27.929,20.593,18.568
352,1930-05-01 00:00:00.00,19.477,4.684,15.075,3.249,16.65,13.924,15.103,20.855
353,1930-06-01 00:00:00.00,96.553,50.531,60.477,48.978,55.202,39.026,45.412,62.758
354,1930-07-01 00:00:00.00,179.445,62.036,74.766,46.142,85.609,93.206,132.728,148.649
355,1930-08-01 00:00:00.00,83.078,21.156,31.085,8.165,17.718,15.44,21.306,26.376
356,1930-09-01 00:00:00.00,24.834,3.373,5.636,2.509,2.347,5.487,6.17,5.332
357,1930-10-01 00:00:00.00,14.381,11.562,8.228,0.722,0.824,0.126,0.826,2.803
358,1930-11-01 00:00:00.00,0.329,0.25,1.691,1.567,3.17,3.197,3.197,4.324
359,1930-12-01 00:00:00.00,0.0,0.0,0.0,0.019,0.019,0.076,0.122,0.139
360,1931-01-01 00:00:00.00,0.0,0.005,0.005,0.19,0.209,2.01,2.856,0.62
361,1931-02-01 00:00:00.00,0.844,0.347,1.041,1.596,2.292,4.197,6.573,4.836
362,1931-03-01 00:00:00.00,0.818,0.837,1.325,2.003,3.931,6.607,5.974,3.91
363,1931-04-01 00:00:00.00,0.04,0.089,0.054,0.604,0.478,1.136,2.355,1.731
364,1931-05-01 00:00:00.00,3.779,1.445,3.972,1.832,6.559,8.966,9.392,8.08
365,1931-06-01 00:00:00.00,26.754,4.853,8.736,3.4,8.171,6.393,6.01,8.599
366,1931-07-01 00:00:00.00,83.302,44.58,59.108,53.537,98.47,100.472,138.645,145.6
367,1931-08-01 00:00:00.00,383.267,192.969,259.987,117.254,145.529,108.27,132.273,171.374
368,1931-09-01 00:00:00.00,63.727,1.99,3.179,3.263,2.087,6.282,17.478,14.993
369,1931-10-01 00:00:00.00,42.525,10.172,16.238,4.416,7.25,5.325,7.685,12.64
370,1931-11-01 00:00:00.00,0.329,0.698,0.393,0.707,0.101,0.013,0.0,0.0
371,1931-12-01 00:00:00.00,0.0,0.137,0.097,0.774,0.125,0.04,0.0,0.0
372,1932-01-01 00:00:00.00,0.0,0.005,0.005,0.19,0.196,1.716,1.964,0.22
373,1932-02-01 00:00:00.00,1.454,0.163,0.42,1.211,0.4,0.342,0.263,0.169
374,1932-03-01 00:00:00.00,7.099,1.195,1.925,2.489,4.351,7.168,7.013,5.822
375,1932-04-01 00:00:00.00,1.706,1.143,2.489,1.979,5.67,5.214,5.661,5.898
376,1932-05-01 00:00:00.00,1.641,0.986,2.73,2.006,6.52,6.771,6.786,7.047
377,1932-06-01 00:00:00.00,36.836,8.035,12.442,6.853,4.253,4.272,4.215,6.044
378,1932-07-01 00:00:00.00,122.843,124.392,103.009,83.418,103.836,97.319,104.182,117.951
379,1932-08-01 00:00:00.00,367.795,112.119,180.001,38.686,78.556,54.388,62.724,112.99
380,1932-09-01 00:00:00.00,49.637,1.67,2.144,4.101,2.659,2.763,23.107,30.876
381,1932-10-01 00:00:00.00,0.792,2.089,0.725,0.838,0.12,0.0,0.0,0.0
382,1932-11-01 00:00:00.00,0.039,0.195,0.007,0.488,0.013,0.0,0.0,0.0
383,1932-12-01 00:00:00.00,0.0,0.022,0.0,0.344,0.141,3.566,4.21,0.456
384,1933-01-01 00:00:00.00,0.0,0.005,0.005,0.19,0.083,0.197,0.153,0.067
385,1933-02-01 00:00:00.00,8.403,7.819,13.129,15.24,12.218,10.792,10.1,12.316
386,1933-03-01 00:00:00.00,5.999,3.486,2.739,3.219,3.348,5.002,4.307,3.555
387,1933-04-01 00:00:00.00,21.643,3.507,11.064,3.16,8.899,6.772,5.705,12.71
388,1933-05-01 00:00:00.00,23.207,16.566,17.481,5.735,10.784,6.382,14.444,22.255
389,1933-06-01 00:00:00.00,161.212,32.982,53.012,22.902,33.981,26.416,49.271,70.075
390,1933-07-01 00:00:00.00,78.325,93.976,69.833,64.707,66.095,54.603,71.237,84.469
391,1933-08-01 00:00:00.00,399.741,246.943,281.633,133.175,185.843,142.744,190.078,250.343
392,1933-09-01 00:00:00.00,121.493,52.016,40.285,23.446,13.878,13.5,36.696,42.659
393,1933-10-01 00:00:00.00,7.05,1.443,2.277,0.217,0.328,0.072,1.274,2.756
394,1933-11-01 00:00:00.00,1.175,0.0,0.026,0.009,0.061,1.084,1.482,0.215
395,1933-12-01 00:00:00.00,1.577,0.137,0.122,0.774,0.125,0.026,0.0,0.0
396,1934-01-01 00:00:00.00,1.634,0.0,0.031,0.019,0.17,0.677,3.162,2.577
397,1934-02-01 00:00:00.00,0.0,0.013,0.011,0.438,0.108,0.309,0.329,0.0
398,1934-03-01 00:00:00.00,6.342,0.933,1.792,2.115,7.615,13.148,16.448,12.858
399,1934-04-01 00:00:00.00,0.0,0.477,0.586,1.33,0.736,0.671,0.192,0.0
400,1934-05-01 00:00:00.00,0.004,0.444,1.223,1.513,5.125,5.111,4.892,5.257
401,1934-06-01 00:00:00.00,147.299,62.36,76.644,35.354,45.324,30.98,36.419,56.056
402,1934-07-01 00:00:00.00,84.217,68.71,47.732,44.272,43.568,37.827,77.531,93.599
403,1934-08-01 00:00:00.00,282.24,152.092,173.661,87.095,102.19,72.705,103.087,140.63
404,1934-09-01 00:00:00.00,50.292,11.357,14.582,11.088,11.928,8.66,7.421,10.589
405,1934-10-01 00:00:00.00,0.017,0.0,0.001,0.0,0.0,0.0,0.0,0.0
406,1934-11-01 00:00:00.00,9.885,0.141,0.22,0.362,0.001,0.0,0.0,0.0
407,1934-12-01 00:00:00.00,4.934,3.742,4.141,9.852,14.393,21.467,18.159,17.008
408,1935-01-01 00:00:00.00,11.194,5.336,6.787,3.901,6.322,7.816,11.386,9.775
409,1935-02-01 00:00:00.00,1.103,0.701,1.906,2.269,2.485,8.012,13.516,7.366
410,1935-03-01 00:00:00.00,1.924,2.717,4.226,5.4,10.315,14.009,10.286,8.459
411,1935-04-01 00:00:00.00,19.969,20.882,38.735,25.094,74.823,65.002,49.029,53.375
412,1935-05-01 00:00:00.00,2.509,0.579,1.45,1.005,0.967,1.297,1.201,0.942
413,1935-06-01 00:00:00.00,11.555,4.247,4.844,7.964,4.058,2.402,8.683,11.906
414,1935-07-01 00:00:00.00,237.447,141.737,124.967,73.901,110.602,86.595,103.243,150.539
415,1935-08-01 00:00:00.00,50.198,49.346,54.909,63.566,80.379,72.076,82.479,91.57
416,1935-09-01 00:00:00.00,114.58,48.737,64.043,17.861,46.336,35.248,52.565,72.929
417,1935-10-01 00:00:00.00,14.818,4.574,6.635,1.382,2.117,1.079,1.171,3.088
418,1935-11-01 00:00:00.00,0.039,0.093,0.019,0.232,0.126,1.418,2.665,1.576
419,1935-12-01 00:00:00.00,0.804,0.055,0.008,0.58,0.089,0.08,0.771,0.875
420,1936-01-01 00:00:00.00,0.0,0.005,0.005,0.181,0.087,0.198,0.347,0.203
421,1936-02-01 00:00:00.00,5.953,6.954,9.808,9.668,3.817,4.415,6.461,5.726
422,1936-03-01 00:00:00.00,20.494,1.362,2.599,2.16,5.652,8.631,7.565,8.234
423,1936-04-01 00:00:00.00,2.116,0.635,1.882,0.61,0.999,2.664,2.393,1.192
424,1936-05-01 00:00:00.00,8.279,0.081,0.261,0.781,0.547,0.433,0.359,0.216
425,1936-06-01 00:00:00.00,159.842,54.332,78.468,47.638,74.274,71.841,105.135,114.383
426,1936-07-01 00:00:00.00,96.872,53.814,44.131,33.928,26.128,22.517,44.973,53.622
427,1936-08-01 00:00:00.00,107.165,24.36,40.809,13.867,33.248,33.899,53.57,59.535
428,1936-09-01 00:00:00.00,79.281,44.289,36.412,20.293,17.035,13.501,26.722,33.186
429,1936-10-01 00:00:00.00,0.0,0.061,0.001,0.211,0.091,0.942,1.589,0.284
430,1936-11-01 00:00:00.00,34.691,38.11,33.154,13.817,16.106,14.424,13.731,22.368
431,1936-12-01 00:00:00.00,1.838,4.607,1.437,7.964,1.513,2.352,7.084,6.512
432,1937-01-01 00:00:00.00,0.0,0.005,0.0,0.149,0.041,0.086,0.0,0.0
433,1937-02-01 00:00:00.00,12.51,11.187,22.554,21.398,35.154,47.42,49.588,42.025
434,1937-03-01 00:00:00.00,0.0,0.079,0.014,0.592,0.206,0.893,0.557,0.069
435,1937-04-01 00:00:00.00,0.689,0.089,0.073,0.604,1.134,6.787,10.379,5.443
436,1937-05-01 00:00:00.00,1.955,0.444,0.878,1.419,1.012,0.703,1.371,0.889
437,1937-06-01 00:00:00.00,20.23,13.3,8.195,8.472,2.697,1.599,6.316,7.862
438,1937-07-01 00:00:00.00,191.096,125.783,134.813,72.923,168.29,160.687,189.112,229.56
439,1937-08-01 00:00:00.00,16.443,3.126,1.467,8.454,2.256,1.15,2.226,1.88
440,1937-09-01 00:00:00.00,160.091,56.985,66.656,17.783,23.807,15.584,27.179,43.928
441,1937-10-01 00:00:00.00,4.398,2.037,2.657,1.323,0.5,0.262,0.24,0.344
442,1937-11-01 00:00:00.00,2.288,0.698,0.393,0.707,0.101,0.012,0.0,0.0
443,1937-12-01 00:00:00.00,4.033,3.32,2.8,4.044,4.485,7.507,7.116,6.288
444,1938-01-01 00:00:00.00,0.575,0.022,0.024,0.307,0.473,2.011,7.082,5.137
445,1938-02-01 00:00:00.00,0.0,0.024,0.014,0.717,0.287,2.023,2.701,0.583
446,1938-03-01 00:00:00.00,3.633,0.128,0.11,0.906,0.448,0.9,2.241,2.099
447,1938-04-01 00:00:00.00,0.129,0.925,1.57,2.249,5.338,5.526,4.634,3.64
448,1938-05-01 00:00:00.00,12.611,0.472,1.223,1.419,0.99,0.288,0.272,0.295
449,1938-06-01 00:00:00.00,184.169,80.131,89.702,27.073,28.309,30.754,40.162,43.968
450,1938-07-01 00:00:00.00,166.122,51.62,50.972,30.051,33.674,24.519,36.292,54.171
451,1938-08-01 00:00:00.00,68.987,40.911,43.267,32.764,56.345,48.326,51.316,64.255
452,1938-09-01 00:00:00.00,29.756,2.323,3.374,4.104,1.444,0.526,2.623,4.365
453,1938-10-01 00:00:00.00,4.06,0.074,0.147,0.298,0.082,0.639,1.114,0.348
454,1938-11-01 00:00:00.00,0.039,0.698,0.393,0.707,0.101,0.013,0.0,0.0
455,1938-12-01 00:00:00.00,0.0,0.734,0.893,1.408,3.062,4.776,3.742,3.548
456,1939-01-01 00:00:00.00,0.93,0.0,0.0,0.102,0.022,0.371,0.449,0.029
457,1939-02-01 00:00:00.00,4.022,7.284,11.506,14.619,14.563,19.697,21.13,15.615
458,1939-03-01 00:00:00.00,9.492,5.67,4.812,7.804,7.995,11.977,9.179,7.322
459,1939-04-01 00:00:00.00,1.011,0.292,0.928,0.296,0.444,0.641,0.529,0.512
460,1939-05-01 00:00:00.00,0.004,0.0,0.014,0.175,0.255,1.102,1.423,0.364
461,1939-06-01 00:00:00.00,36.426,10.438,16.915,15.064,20.932,22.54,35.514,34.787
462,1939-07-01 00:00:00.00,95.995,8.593,7.618,7.979,3.785,8.976,19.077,15.149
463,1939-08-01 00:00:00.00,131.53,36.971,57.973,20.919,29.064,21.652,33.219,48.486
464,1939-09-01 00:00:00.00,44.68,13.191,16.648,11.855,11.828,11.168,19.584,19.432
465,1939-10-01 00:00:00.00,0.404,0.38,0.061,0.691,0.157,0.346,0.238,0.0
466,1939-11-01 00:00:00.00,1.007,0.0,0.025,0.0,0.0,0.0,0.0,0.0
467,1939-12-01 00:00:00.00,0.697,0.022,0.012,0.354,0.048,0.02,0.0,0.0
468,1940-01-01 00:00:00.00,2.843,4.067,4.408,3.398,4.846,6.529,10.731,7.591
469,1940-02-01 00:00:00.00,10.312,2.386,7.263,4.882,8.409,10.626,14.458,15.55
470,1940-03-01 00:00:00.00,23.731,4.291,6.86,4.843,3.721,3.145,2.23,4.66
471,1940-04-01 00:00:00.00,1.521,0.077,0.015,0.436,0.251,0.864,0.67,0.073
472,1940-05-01 00:00:00.00,8.169,0.3,0.851,1.245,2.359,1.935,1.827,1.851
473,1940-06-01 00:00:00.00,32.81,28.231,23.92,24.034,24.817,28.559,30.087,23.078
474,1940-07-01 00:00:00.00,179.804,83.846,106.978,57.813,43.005,20.054,43.201,75.706
475,1940-08-01 00:00:00.00,164.446,114.497,128.428,63.426,116.65,94.54,119.826,151.194
476,1940-09-01 00:00:00.00,13.695,1.098,0.837,3.261,1.141,2.95,4.571,1.391
477,1940-10-01 00:00:00.00,8.129,1.716,3.278,0.185,0.743,0.31,0.328,1.181
478,1940-11-01 00:00:00.00,6.465,1.272,1.532,0.006,0.088,0.0,0.0,0.262
479,1940-12-01 00:00:00.00,0.426,0.137,0.097,0.774,0.125,0.026,0.0,0.005
480,1941-01-01 00:00:00.00,3.258,0.822,2.226,1.185,6.318,7.978,13.135,11.314
481,1941-02-01 00:00:00.00,2.604,0.395,0.639,0.134,0.096,0.451,1.241,0.889
482,1941-03-01 00:00:00.00,0.328,0.446,0.727,0.778,1.894,3.183,2.733,1.9
483,1941-04-01 00:00:00.00,0.291,0.477,0.598,1.33,0.709,0.527,0.238,0.0
484,1941-05-01 00:00:00.00,7.618,1.841,5.382,1.513,9.014,10.726,14.138,13.649
485,1941-06-01 00:00:00.00,5.985,17.662,24.83,29.788,45.766,41.092,48.969,50.584
486,1941-07-01 00:00:00.00,129.066,166.611,91.849,108.128,44.333,24.203,27.376,28.374
487,1941-08-01 00:00:00.00,112.257,50.88,73.315,42.211,38.212,25.55,34.479,49.565
488,1941-09-01 00:00:00.00,68.328,21.866,30.092,10.998,16.555,19.043,26.102,23.332
489,1941-10-01 00:00:00.00,4.26,2.798,3.713,1.638,0.644,0.034,0.0,0.502
490,1941-11-01 00:00:00.00,0.039,0.0,0.0,0.0,0.0,0.0,0.0,0.0
491,1941-12-01 00:00:00.00,0.419,0.348,0.333,0.673,0.234,1.212,2.004,1.094
492,1942-01-01 00:00:00.00,5.501,0.913,2.274,1.184,3.492,3.822,4.953,5.152
493,1942-02-01 00:00:00.00,5.849,7.179,8.694,6.486,9.432,12.462,11.887,10.75
494,1942-03-01 00:00:00.00,0.0,0.019,0.0,0.221,0.127,2.177,2.359,0.243
495,1942-04-01 00:00:00.00,12.946,10.351,21.707,11.313,10.277,4.927,7.743,9.294
496,1942-05-01 00:00:00.00,11.528,6.081,14.363,4.653,22.249,21.979,22.745,24.623
497,1942-06-01 00:00:00.00,22.169,17.85,28.951,15.809,44.222,39.461,42.34,47.17
498,1942-07-01 00:00:00.00,280.147,123.787,189.359,115.576,241.056,207.833,243.025,328.446
499,1942-08-01 00:00:00.00,185.295,91.777,90.652,54.803,63.271,57.215,80.842,86.216
500,1942-09-01 00:00:00.00,73.658,63.271,79.713,46.445,119.848,98.932,110.047,132.674
501,1942-10-01 00:00:00.00,0.0,0.036,0.0,0.121,0.001,0.177,0.237,0.0
502,1942-11-01 00:00:00.00,0.039,0.102,0.0,0.299,0.012,0.105,0.0,0.0
503,1942-12-01 00:00:00.00,2.28,0.577,1.159,1.656,3.328,7.438,7.466,5.269
504,1943-01-01 00:00:00.00,2.363,0.215,0.569,0.66,0.99,2.162,3.26,1.845
505,1943-02-01 00:00:00.00,0.0,0.0,0.0,0.019,0.0,0.005,0.0,0.0
506,1943-03-01 00:00:00.00,0.0,0.128,0.046,0.931,0.247,0.521,0.151,0.0
507,1943-04-01 00:00:00.00,13.695,6.847,16.63,8.272,30.037,24.634,20.272,25.638
508,1943-05-01 00:00:00.00,7.014,0.081,0.145,0.781,0.696,2.283,3.142,0.992
509,1943-06-01 00:00:00.00,36.438,6.617,9.65,8.74,11.485,18.019,25.35,17.004
510,1943-07-01 00:00:00.00,422.013,173.261,241.122,81.894,142.745,106.467,125.347,206.564
511,1943-08-01 00:00:00.00,124.634,45.625,58.728,37.606,21.99,9.888,16.409,26.441
512,1943-09-01 00:00:00.00,219.452,58.421,84.916,11.131,22.369,10.593,18.767,43.815
513,1943-10-01 00:00:00.00,1.643,0.074,0.074,0.298,0.031,0.012,0.0,0.0
514,1943-11-01 00:00:00.00,0.039,0.0,0.0,0.019,0.0,0.0,0.0,0.0
515,1943-12-01 00:00:00.00,0.0,0.028,0.005,0.461,0.049,0.02,0.0,0.0
516,1944-01-01 00:00:00.00,16.106,2.881,7.39,3.116,8.893,8.419,11.265,13.693
517,1944-02-01 00:00:00.00,3.003,1.495,4.641,4.032,10.229,16.311,20.38,16.361
518,1944-03-01 00:00:00.00,31.014,4.782,7.879,9.455,20.09,27.532,26.939,25.394
519,1944-04-01 00:00:00.00,4.364,0.463,0.837,1.351,5.863,12.63,21.517,18.555
520,1944-05-01 00:00:00.00,0.262,6.924,5.525,5.097,4.244,2.046,1.516,1.771
521,1944-06-01 00:00:00.00,36.553,18.039,18.582,9.959,9.543,9.983,18.994,20.315
522,1944-07-01 00:00:00.00,251.241,146.889,135.147,75.987,83.55,67.323,109.17,152.365
523,1944-08-01 00:00:00.00,325.125,229.492,250.549,134.645,189.328,149.292,156.952,213.99
524,1944-09-01 00:00:00.00,54.444,8.899,13.291,3.873,4.669,6.396,20.282,23.981
525,1944-10-01 00:00:00.00,10.916,2.571,5.07,0.235,0.752,0.214,2.659,5.891
526,1944-11-01 00:00:00.00,0.039,0.065,0.0,0.135,0.0,0.0,0.0,0.0
527,1944-12-01 00:00:00.00,0.0,0.028,0.005,0.461,0.091,1.34,1.589,0.175
528,1945-01-01 00:00:00.00,8.044,3.061,5.327,3.973,9.373,12.144,15.662,12.041
529,1945-02-01 00:00:00.00,0.0,0.0,0.0,0.0,0.0,0.0,0.0,0.0
530,1945-03-01 00:00:00.00,0.0,0.509,0.517,1.604,0.525,1.152,1.001,0.09
531,1945-04-01 00:00:00.00,2.301,1.314,5.858,3.358,45.543,50.845,39.406,34.248
532,1945-05-01 00:00:00.00,15.109,5.012,15.068,3.656,26.909,24.875,25.517,30.954
533,1945-06-01 00:00:00.00,24.127,42.259,37.092,37.135,41.22,36.107,38.946,39.549
534,1945-07-01 00:00:00.00,382.578,194.566,221.766,89.016,111.952,76.747,97.261,162.594
535,1945-08-01 00:00:00.00,178.958,83.041,83.79,46.743,53.085,45.72,75.955,95.183
536,1945-09-01 00:00:00.00,66.155,84.372,82.765,84.636,129.832,103.015,117.061,134.108
537,1945-10-01 00:00:00.00,0.181,0.533,0.149,0.446,0.075,0.025,0.35,0.594
538,1945-11-01 00:00:00.00,0.039,0.102,0.0,0.299,0.012,0.123,0.001,0.0
539,1945-12-01 00:00:00.00,0.0,0.055,0.008,0.58,0.052,0.034,0.039,0.0
540,1946-01-01 00:00:00.00,0.0,0.022,0.008,0.302,0.122,0.224,0.001,0.0
541,1946-02-01 00:00:00.00,0.893,3.357,2.972,8.993,3.051,2.452,2.568,1.918
542,1946-03-01 00:00:00.00,0.0,0.022,0.005,0.24,0.079,1.211,1.144,0.102
543,1946-04-01 00:00:00.00,0.487,0.029,0.044,0.0,0.049,0.73,0.839,0.096
544,1946-05-01 00:00:00.00,5.394,1.809,1.233,1.776,1.278,3.369,6.5,3.204
545,1946-06-01 00:00:00.00,51.897,16.477,23.268,20.395,30.34,29.621,45.035,47.121
546,1946-07-01 00:00:00.00,127.249,73.185,63.083,44.064,49.463,43.176,70.17,84.618
547,1946-08-01 00:00:00.00,206.001,147.001,136.675,84.478,91.231,74.61,100.442,118.396
548,1946-09-01 00:00:00.00,18.598,3.518,4.074,1.881,1.679,1.131,4.726,7.223
549,1946-10-01 00:00:00.00,0.313,1.17,1.16,1.328,1.758,2.343,3.053,2.121
550,1946-11-01 00:00:00.00,11.707,0.242,0.34,0.292,0.012,0.14,0.175,0.0
551,1946-12-01 00:00:00.00,1.228,0.447,0.471,1.413,1.707,3.303,3.068,2.134
552,1947-01-01 00:00:00.00,0.776,0.037,0.166,0.292,0.68,1.25,2.103,1.395
553,1947-02-01 00:00:00.00,0.958,0.392,1.191,1.537,2.702,4.316,4.439,3.431
554,1947-03-01 00:00:00.00,0.053,0.09,0.014,0.624,0.237,0.538,1.68,1.208
555,1947-04-01 00:00:00.00,0.655,0.0,0.018,0.0,0.005,0.001,0.138,0.182
556,1947-05-01 00:00:00.00,0.746,0.142,0.581,0.165,1.103,0.956,1.652,2.206
557,1947-06-01 00:00:00.00,8.839,0.75,0.576,3.975,1.072,0.479,0.442,0.521
558,1947-07-01 00:00:00.00,110.917,14.602,19.153,9.78,6.796,3.357,12.302,22.262
559,1947-08-01 00:00:00.00,218.901,109.362,126.559,59.252,88.11,76.078,92.132,105.31
560,1947-09-01 00:00:00.00,253.37,133.5,129.273,51.616,61.531,38.057,62.343,93.654
561,1947-10-01 00:00:00.00,29.935,10.333,18.822,4.875,8.46,5.226,8.191,13.688
562,1947-11-01 00:00:00.00,0.039,0.226,0.007,0.0,0.0,0.0,0.0,0.0
563,1947-12-01 00:00:00.00,1.714,0.0,0.018,0.0,0.107,1.285,1.844,0.938
564,1948-01-01 00:00:00.00,12.576,1.255,3.457,1.561,6.383,5.894,10.569,12.061
565,1948-02-01 00:00:00.00,5.561,3.766,9.89,12.61,11.576,13.958,15.768,13.357
566,1948-03-01 00:00:00.00,2.236,2.178,3.806,4.433,9.551,15.198,14.526,9.684
567,1948-04-01 00:00:00.00,1.255,0.0,0.202,0.058,2.404,5.711,4.345,1.821
568,1948-05-01 00:00:00.00,4.685,0.0,0.104,0.0,0.255,0.892,1.394,1.293
569,1948-06-01 00:00:00.00,33.803,8.604,15.3,5.736,9.303,11.842,14.044,12.166
570,1948-07-01 00:00:00.00,296.74,142.5,149.025,89.745,56.113,54.317,75.876,85.163
571,1948-08-01 00:00:00.00,140.553,36.254,73.859,29.942,46.858,41.113,75.454,92.441
572,1948-09-01 00:00:00.00,39.552,1.561,2.138,0.5,2.004,6.058,20.088,22.835
573,1948-10-01 00:00:00.00,2.318,0.17,0.034,0.0,0.156,0.448,0.469,0.84
574,1948-11-01 00:00:00.00,7.139,2.197,0.296,0.0,0.039,0.977,1.152,0.166
575,1948-12-01 00:00:00.00,0.0,1.938,0.61,3.128,3.328,7.694,6.488,3.84
576,1949-01-01 00:00:00.00,5.811,1.414,4.538,2.362,8.474,8.066,9.152,9.757
577,1949-02-01 00:00:00.00,1.478,0.201,1.361,1.08,7.221,12.991,13.622,9.548
578,1949-03-01 00:00:00.00,0.004,0.224,1.831,5.174,2.008,3.302,2.86,0.653
579,1949-04-01 00:00:00.00,0.0,0.0,0.0,0.0,0.005,0.222,0.313,0.065
580,1949-05-01 00:00:00.00,4.131,0.252,1.001,0.213,0.45,0.165,1.884,2.797
581,1949-06-01 00:00:00.00,29.181,13.292,38.018,62.17,28.588,9.778,7.733,11.393
582,1949-07-01 00:00:00.00,252.869,109.392,125.797,57.328,146.351,156.222,225.647,254.975
583,1949-08-01 00:00:00.00,97.903,98.471,100.665,177.907,81.433,34.873,42.557,50.489
584,1949-09-01 00:00:00.00,74.913,14.358,20.833,16.372,28.73,24.683,36.058,40.025
585,1949-10-01 00:00:00.00,11.523,3.438,6.443,1.634,0.862,0.0,0.0,1.088
586,1949-11-01 00:00:00.00,0.039,0.0,0.0,0.0,0.0,0.0,0.0,0.0
587,1949-12-01 00:00:00.00,0.0,0.084,0.439,2.395,0.469,0.075,0.0,0.0
588,1950-01-01 00:00:00.00,0.965,0.285,1.801,2.859,4.157,7.482,8.922,4.65
589,1950-02-01 00:00:00.00,0.0,0.0,0.012,0.004,0.685,3.773,3.819,1.108
590,1950-03-01 00:00:00.00,4.053,0.0,0.751,0.577,6.789,14.448,13.92,8.404
591,1950-04-01 00:00:00.00,0.0,0.071,0.744,1.512,1.187,1.567,0.491,0.039
592,1950-05-01 00:00:00.00,4.928,0.0,0.059,0.0,0.498,1.741,2.993,3.139
593,1950-06-01 00:00:00.00,13.713,17.855,11.011,8.885,6.058,3.513,5.345,8.678
594,1950-07-01 00:00:00.00,251.4,152.893,156.162,68.614,193.523,179.796,253.192,308.584
595,1950-08-01 00:00:00.00,68.196,20.041,40.303,29.692,120.817,119.634,147.285,158.385
596,1950-09-01 00:00:00.00,129.235,55.846,55.126,16.52,29.998,50.103,62.883,48.987
597,1950-10-01 00:00:00.00,0.404,0.0,0.012,0.0,0.0,0.0,0.0,0.0
598,1950-11-01 00:00:00.00,0.071,0.0,0.0,0.0,0.0,0.0,0.0,0.0
599,1950-12-01 00:00:00.00,0.958,0.0,0.012,0.0,0.0,0.0,0.0,0.0
600,1951-01-01 00:00:00.00,0.54,0.0,0.006,0.0,0.171,1.53,3.433,1.94
601,1951-02-01 00:00:00.00,0.0,0.0,0.0,0.0,0.0,0.116,0.276,0.108
602,1951-03-01 00:00:00.00,5.108,0.886,1.345,0.436,1.057,5.836,9.905,6.347
603,1951-04-01 00:00:00.00,4.161,0.612,3.47,7.622,7.14,11.664,13.293,10.355
604,1951-05-01 00:00:00.00,13.217,3.374,10.554,0.894,5.913,6.773,7.15,8.577
605,1951-06-01 00:00:00.00,77.364,18.306,36.281,5.441,13.757,9.004,9.961,19.135
606,1951-07-01 00:00:00.00,95.699,50.199,45.974,21.685,27.428,33.222,52.53,52.733
607,1951-08-01 00:00:00.00,188.917,73.219,113.239,56.477,89.977,68.75,82.466,108.145
608,1951-09-01 00:00:00.00,41.008,0.473,0.847,0.249,0.7,0.614,6.807,9.587
609,1951-10-01 00:00:00.00,6.908,0.052,0.258,0.0,0.017,0.012,0.295,0.562
610,1951-11-01 00:00:00.00,68.25,26.367,36.166,8.288,9.45,5.484,8.71,17.92
611,1951-12-01 00:00:00.00,0.0,0.0,0.0,0.0,0.0,0.0,0.0,0.0
612,1952-01-01 00:00:00.00,0.0,0.0,0.0,0.0,0.044,0.502,1.23,0.731
613,1952-02-01 00:00:00.00,1.972,1.948,2.872,5.097,4.889,5.401,6.465,5.657
614,1952-03-01 00:00:00.00,1.166,0.0,0.018,0.0,0.397,3.43,8.936,5.36
615,1952-04-01 00:00:00.00,2.353,0.502,1.243,1.668,1.331,0.744,1.493,1.76
616,1952-05-01 00:00:00.00,2.067,0.131,1.006,0.784,3.468,4.249,8.828,9.25
617,1952-06-01 00:00:00.00,34.423,11.666,20.774,11.294,27.808,24.951,29.988,33.122
618,1952-07-01 00:00:00.00,317.529,185.771,185.308,70.163,64.532,42.215,52.919,89.655
619,1952-08-01 00:00:00.00,217.25,61.455,110.42,44.42,103.229,76.238,111.816,152.565
620,1952-09-01 00:00:00.00,10.932,0.472,0.686,0.249,0.315,0.277,0.385,0.436
621,1952-10-01 00:00:00.00,0.103,0.101,0.005,0.0,0.0,0.139,0.163,0.0
622,1952-11-01 00:00:00.00,0.039,0.0,0.0,0.0,0.0,0.089,0.175,0.0
623,1952-12-01 00:00:00.00,4.69,0.04,0.297,1.369,1.629,2.113,1.913,1.859
624,1953-01-01 00:00:00.00,4.531,2.106,3.434,3.698,8.597,9.644,16.147,14.2
625,1953-02-01 00:00:00.00,0.0,0.0,0.0,0.194,0.112,0.545,0.231,0.0
626,1953-03-01 00:00:00.00,0.0,0.0,0.0,0.0,0.0,0.0,0.0,0.0
627,1953-04-01 00:00:00.00,2.362,0.958,2.436,0.14,0.87,1.668,2.346,2.1
628,1953-05-01 00:00:00.00,3.038,0.82,2.493,0.982,2.129,3.021,2.159,2.365
629,1953-06-01 00:00:00.00,45.111,34.531,27.503,15.47,6.435,3.093,7.449,12.168
630,1953-07-01 00:00:00.00,151.471,48.537,61.886,25.948,34.448,39.279,60.936,77.367
631,1953-08-01 00:00:00.00,216.061,210.079,180.918,138.15,134.606,106.767,138.586,164.116
632,1953-09-01 00:00:00.00,96.931,25.278,45.317,4.262,11.94,17.182,25.368,23.705
633,1953-10-01 00:00:00.00,1.558,0.0,0.055,0.0,0.0,0.0,0.011,0.087
634,1953-11-01 00:00:00.00,0.039,0.0,0.0,0.0,0.052,0.691,0.613,0.082
635,1953-12-01 00:00:00.00,0.0,2.67,0.86,3.875,0.39,0.912,0.758,0.082
636,1954-01-01 00:00:00.00,5.384,6.725,5.381,9.993,3.541,1.454,3.235,3.243
637,1954-02-01 00:00:00.00,5.038,2.2,8.678,11.526,25.576,34.991,36.153,31.867
638,1954-03-01 00:00:00.00,2.846,0.172,0.406,0.33,0.326,0.555,1.521,1.552
639,1954-04-01 00:00:00.00,0.0,0.013,0.018,1.272,0.681,0.342,0.218,0.0
640,1954-05-01 00:00:00.00,0.866,0.191,0.791,0.058,0.729,1.82,2.171,1.183
641,1954-06-01 00:00:00.00,14.385,17.658,19.497,17.005,29.118,23.86,27.531,30.926
642,1954-07-01 00:00:00.00,205.595,79.09,88.824,25.492,43.378,47.265,81.167,94.407
643,1954-08-01 00:00:00.00,123.697,101.185,68.851,46.794,20.943,9.501,12.743,21.164
644,1954-09-01 00:00:00.00,229.512,98.551,145.956,67.782,150.627,128.234,146.772,165.061
645,1954-10-01 00:00:00.00,29.153,7.84,14.553,0.755,1.594,1.516,3.689,4.931
646,1954-11-01 00:00:00.00,21.421,8.53,11.317,0.633,0.882,0.471,0.002,1.87
647,1954-12-01 00:00:00.00,0.0,0.0,0.0,0.0,0.0,0.0,0.0,0.0
648,1955-01-01 00:00:00.00,2.05,1.195,1.176,3.14,3.126,3.063,5.64,4.814
649,1955-02-01 00:00:00.00,0.0,0.008,0.109,1.894,1.334,2.046,0.897,0.637
650,1955-03-01 00:00:00.00,0.832,4.01,2.951,6.042,4.864,8.034,7.349,4.144
651,1955-04-01 00:00:00.00,0.07,0.047,0.524,0.46,3.099,5.33,7.746,7.013
652,1955-05-01 00:00:00.00,6.652,1.817,6.268,4.238,10.258,13.64,9.267,9.238
653,1955-06-01 00:00:00.00,50.621,6.486,18.094,14.266,34.838,28.415,34.585,40.605
654,1955-07-01 00:00:00.00,69.147,8.208,4.105,5.03,2.937,9.887,24.442,20.744
655,1955-08-01 00:00:00.00,287.089,174.248,211.437,134.794,197.889,153.495,178.783,235.096
656,1955-09-01 00:00:00.00,175.707,130.09,93.03,42.399,25.484,32.435,53.721,49.917
657,1955-10-01 00:00:00.00,16.698,0.079,0.308,0.0,0.452,2.112,6.06,6.514
658,1955-11-01 00:00:00.00,0.039,0.0,0.0,0.0,0.0,0.0,0.0,0.0
659,1955-12-01 00:00:00.00,5.585,1.465,2.196,0.212,0.584,0.648,0.637,1.699
660,1956-01-01 00:00:00.00,7.589,1.159,3.883,1.558,6.071,6.774,9.534,9.503
661,1956-02-01 00:00:00.00,0.04,0.0,0.0,0.0,0.004,0.34,0.375,0.124
662,1956-03-01 00:00:00.00,14.427,3.432,9.602,8.522,17.546,24.505,18.656,15.917
663,1956-04-01 00:00:00.00,2.124,0.047,0.572,0.46,2.598,3.369,2.579,2.324
664,1956-05-01 00:00:00.00,1.035,0.0,0.024,0.0,0.096,0.077,0.199,0.2
665,1956-06-01 00:00:00.00,51.545,65.464,35.718,56.215,22.165,26.217,29.992,16.826
666,1956-07-01 00:00:00.00,453.715,227.304,246.676,95.095,110.67,79.063,114.951,180.341
667,1956-08-01 00:00:00.00,124.528,106.531,100.444,75.944,96.714,87.42,112.919,125.22
668,1956-09-01 00:00:00.00,21.758,20.523,7.412,7.165,1.641,0.322,1.515,2.38
669,1956-10-01 00:00:00.00,43.796,25.84,24.93,11.048,13.635,9.988,14.485,21.573
670,1956-11-01 00:00:00.00,4.227,0.0,0.098,0.0,0.001,0.0,0.16,0.337
671,1956-12-01 00:00:00.00,2.286,7.493,3.237,12.858,5.38,6.23,5.612,5.415
672,1957-01-01 00:00:00.00,8.074,2.209,6.529,3.12,14.319,17.652,23.703,19.94
673,1957-02-01 00:00:00.00,0.0,0.0,0.0,0.0,0.0,0.264,0.196,0.0
674,1957-03-01 00:00:00.00,15.993,2.715,4.992,1.071,2.402,6.363,9.071,7.281
675,1957-04-01 00:00:00.00,2.307,0.0,0.054,0.314,0.953,8.265,7.021,1.429
676,1957-05-01 00:00:00.00,9.312,20.467,21.651,23.028,20.741,11.652,12.227,13.222
677,1957-06-01 00:00:00.00,38.781,38.431,31.341,24.504,28.298,22.354,23.998,31.84
678,1957-07-01 00:00:00.00,139.824,26.265,37.312,17.184,44.976,46.426,79.048,93.617
679,1957-08-01 00:00:00.00,199.463,97.119,120.795,41.47,60.893,60.658,83.677,86.677
680,1957-09-01 00:00:00.00,36.7,0.597,2.365,1.651,5.396,4.079,18.329,25.171
681,1957-10-01 00:00:00.00,1.59,0.026,0.056,0.0,0.159,0.297,1.872,2.798
682,1957-11-01 00:00:00.00,17.9,7.274,8.852,1.691,2.041,3.178,4.672,6.387
683,1957-12-01 00:00:00.00,0.601,0.035,0.29,0.663,1.709,2.668,3.232,3.453
684,1958-01-01 00:00:00.00,0.188,0.56,3.188,4.002,15.061,15.011,18.936,17.55
685,1958-02-01 00:00:00.00,0.354,0.0,0.0,0.0,0.004,0.209,0.37,0.124
686,1958-03-01 00:00:00.00,0.969,0.0,0.018,0.0,0.127,0.552,2.677,2.004
687,1958-04-01 00:00:00.00,0.486,0.374,0.063,0.0,0.042,0.669,0.849,0.32
688,1958-05-01 00:00:00.00,6.727,0.328,1.167,0.033,0.379,0.531,1.8,2.295
689,1958-06-01 00:00:00.00,19.936,3.514,6.211,0.499,1.334,5.641,7.589,3.653
690,1958-07-01 00:00:00.00,203.837,102.446,84.653,48.988,36.66,32.038,84.346,108.623
691,1958-08-01 00:00:00.00,93.242,19.341,14.757,7.696,6.795,9.906,30.022,32.952
692,1958-09-01 00:00:00.00,296.981,148.793,172.883,64.905,108.818,89.809,128.47,156.738
693,1958-10-01 00:00:00.00,9.898,9.442,4.014,0.286,0.778,0.877,1.167,1.267
694,1958-11-01 00:00:00.00,80.974,40.323,50.63,12.63,13.586,8.804,10.885,21.325
695,1958-12-01 00:00:00.00,6.205,2.853,4.556,9.618,12.378,20.055,16.924,14.911
696,1959-01-01 00:00:00.00,1.238,1.168,0.968,1.763,1.974,4.272,6.712,4.479
697,1959-02-01 00:00:00.00,0.485,0.701,1.687,2.227,3.657,5.205,5.001,3.479
698,1959-03-01 00:00:00.00,0.562,0.092,0.763,1.732,3.247,5.01,4.319,2.817
699,1959-04-01 00:00:00.00,1.977,5.327,3.967,4.49,4.359,3.235,1.353,1.961
700,1959-05-01 00:00:00.00,14.824,1.222,4.412,2.12,6.887,8.649,9.604,10.728
701,1959-06-01 00:00:00.00,70.249,20.367,38.923,11.041,26.959,17.062,19.95,32.854
702,1959-07-01 00:00:00.00,178.568,210.102,158.923,157.953,173.811,141.854,166.17,195.691
703,1959-08-01 00:00:00.00,133.771,54.988,84.826,42.336,101.862,102.523,138.544,140.605
704,1959-09-01 00:00:00.00,169.354,198.363,154.158,116.125,141.491,97.349,112.055,145.839
705,1959-10-01 00:00:00.00,6.555,6.531,1.515,0.703,0.125,0.893,1.244,0.197
706,1959-11-01 00:00:00.00,24.177,26.96,14.82,10.11,4.914,7.116,8.008,7.088
707,1959-12-01 00:00:00.00,0.0,0.0,0.0,0.0,0.0,0.0,0.0,0.0
708,1960-01-01 00:00:00.00,1.398,0.174,0.396,0.387,1.707,2.871,4.242,2.741
709,1960-02-01 00:00:00.00,0.0,0.0,0.0,0.0,0.0,0.0,0.0,0.0
710,1960-03-01 00:00:00.00,1.119,0.01,0.145,0.902,1.307,5.499,6.686,3.417
711,1960-04-01 00:00:00.00,0.0,0.478,0.26,0.754,0.662,3.014,3.989,2.026
712,1960-05-01 00:00:00.00,7.132,0.372,1.099,0.033,0.32,0.22,0.199,0.518
713,1960-06-01 00:00:00.00,62.209,39.401,46.514,37.594,47.302,33.267,38.032,48.787
714,1960-07-01 00:00:00.00,136.085,51.067,59.935,30.208,58.034,54.596,74.495,99.218
715,1960-08-01 00:00:00.00,105.438,16.573,31.8,22.028,58.239,55.448,84.095,100.425
716,1960-09-01 00:00:00.00,19.715,2.564,1.02,1.007,2.185,11.945,8.45,2.282
717,1960-10-01 00:00:00.00,10.077,0.0,0.232,0.0,0.338,0.2,3.613,6.418
718,1960-11-01 00:00:00.00,0.039,0.0,0.0,0.0,0.0,0.0,0.0,0.0
719,1960-12-01 00:00:00.00,0.792,1.364,2.014,3.712,4.628,9.019,7.331,5.019
720,1961-01-01 00:00:00.00,5.059,0.44,2.093,1.713,6.051,9.984,12.394,7.516
721,1961-02-01 00:00:00.00,11.674,8.799,16.972,15.141,15.741,15.787,19.04,19.594
722,1961-03-01 00:00:00.00,0.0,0.0,0.0,0.0,0.09,1.098,0.635,0.045
723,1961-04-01 00:00:00.00,10.683,12.324,21.56,17.309,15.669,7.832,6.831,8.766
724,1961-05-01 00:00:00.00,8.026,1.282,5.736,1.784,11.434,11.771,15.025,17.484
725,1961-06-01 00:00:00.00,48.701,89.408,62.837,84.206,58.406,36.009,43.367,55.094
726,1961-07-01 00:00:00.00,135.594,225.015,132.082,152.954,78.048,63.395,89.741,93.047
727,1961-08-01 00:00:00.00,152.056,73.96,74.011,62.06,78.917,66.767,120.413,143.716
728,1961-09-01 00:00:00.00,225.808,187.519,164.171,82.074,89.74,63.075,75.427,98.841
729,1961-10-01 00:00:00.00,12.465,0.079,0.443,0.0,0.395,1.465,5.052,6.214
730,1961-11-01 00:00:00.00,2.288,0.972,4.25,3.661,7.355,6.891,7.537,10.038
731,1961-12-01 00:00:00.00,0.821,0.035,0.299,0.663,1.551,2.874,3.243,2.699
732,1962-01-01 00:00:00.00,1.617,0.011,0.344,0.387,1.817,3.224,6.021,4.351
733,1962-02-01 00:00:00.00,0.0,0.0,0.104,0.637,1.022,4.557,5.586,2.489
734,1962-03-01 00:00:00.00,15.765,6.832,11.763,5.831,15.724,20.626,15.957,13.295
735,1962-04-01 00:00:00.00,3.193,0.487,1.286,0.073,0.335,0.052,0.0,0.473
736,1962-05-01 00:00:00.00,3.217,0.183,1.677,3.874,7.882,7.892,7.576,6.043
737,1962-06-01 00:00:00.00,13.434,3.843,4.569,1.796,4.542,3.1,5.753,8.331
738,1962-07-01 00:00:00.00,251.751,98.021,134.987,54.48,89.973,73.255,105.456,141.596
739,1962-08-01 00:00:00.00,89.406,82.006,66.324,62.447,54.691,48.206,60.862,62.656
740,1962-09-01 00:00:00.00,113.312,68.635,66.988,52.117,65.375,55.977,76.0,80.412
741,1962-10-01 00:00:00.00,0.0,0.0,0.0,0.0,0.0,0.0,0.0,0.0
742,1962-11-01 00:00:00.00,5.161,0.028,0.132,1.585,0.617,2.897,2.139,0.918
743,1962-12-01 00:00:00.00,3.023,2.229,1.302,5.796,3.694,5.195,6.278,5.951
744,1963-01-01 00:00:00.00,0.91,0.0,0.0,0.0,0.0,0.0,0.0,0.0
745,1963-02-01 00:00:00.00,2.502,0.618,1.977,0.118,0.601,1.174,2.669,2.52
746,1963-03-01 00:00:00.00,3.128,2.552,4.024,1.398,1.93,2.541,2.299,1.674
747,1963-04-01 00:00:00.00,0.348,0.0,0.009,0.0,0.524,2.381,1.837,1.328
748,1963-05-01 00:00:00.00,2.812,0.436,1.071,4.49,6.121,10.944,10.665,5.929
749,1963-06-01 00:00:00.00,19.654,1.34,2.095,0.267,1.344,2.557,13.789,17.148
750,1963-07-01 00:00:00.00,68.026,28.046,22.129,17.822,30.48,33.408,42.64,41.171
751,1963-08-01 00:00:00.00,167.707,61.419,88.249,29.693,63.987,51.236,77.507,105.671
752,1963-09-01 00:00:00.00,103.93,48.254,32.028,7.507,5.733,5.328,23.966,32.329
753,1963-10-01 00:00:00.00,10.422,10.1,7.716,3.844,1.115,0.019,0.0,1.02
754,1963-11-01 00:00:00.00,27.105,26.929,13.742,6.307,1.308,0.031,0.16,1.93
755,1963-12-01 00:00:00.00,1.629,0.318,0.042,0.0,0.358,2.895,4.271,2.741
756,1964-01-01 00:00:00.00,0.0,0.008,0.093,1.052,1.242,3.074,2.424,0.778
757,1964-02-01 00:00:00.00,0.0,0.23,0.205,0.503,0.052,0.338,0.501,0.138
758,1964-03-01 00:00:00.00,0.547,0.09,0.761,1.414,3.349,5.789,3.458,2.58
759,1964-04-01 00:00:00.00,0.0,0.0,0.009,0.0,0.3,3.109,3.752,1.544
760,1964-05-01 00:00:00.00,20.572,4.911,16.963,2.791,17.144,14.621,17.903,23.63
761,1964-06-01 00:00:00.00,38.024,45.685,34.143,54.157,26.012,17.545,20.772,20.251
762,1964-07-01 00:00:00.00,221.673,156.488,126.93,93.097,92.996,94.407,158.52,182.54
763,1964-08-01 00:00:00.00,231.847,145.599,159.782,95.112,132.64,105.746,156.239,192.639
764,1964-09-01 00:00:00.00,68.687,6.446,6.973,2.188,3.396,10.772,20.523,19.389
765,1964-10-01 00:00:00.00,6.409,1.845,3.45,0.175,0.332,0.0,0.0,0.691
766,1964-11-01 00:00:00.00,0.039,0.0,0.0,0.0,0.005,0.424,0.496,0.069
767,1964-12-01 00:00:00.00,6.205,1.517,2.496,0.88,2.178,2.809,3.736,4.971
768,1965-01-01 00:00:00.00,5.913,2.279,2.959,0.909,3.016,2.772,3.723,4.419
769,1965-02-01 00:00:00.00,1.438,0.319,1.237,0.41,1.553,3.977,4.47,2.793
770,1965-03-01 00:00:00.00,6.031,5.554,7.939,3.112,2.818,3.182,2.716,1.963
771,1965-04-01 00:00:00.00,1.544,0.089,0.572,4.614,5.838,13.626,12.877,5.969
772,1965-05-01 00:00:00.00,0.492,3.32,2.613,2.894,2.067,5.007,6.186,2.416
773,1965-06-01 00:00:00.00,12.905,2.553,7.248,3.547,8.546,6.035,6.476,9.003
774,1965-07-01 00:00:00.00,306.552,149.061,173.518,75.875,118.974,99.118,122.114,167.04
775,1965-08-01 00:00:00.00,103.157,52.043,47.852,24.009,20.232,19.424,37.377,42.498
776,1965-09-01 00:00:00.00,24.031,4.406,3.039,0.312,1.328,0.981,13.034,18.874
777,1965-10-01 00:00:00.00,4.03,0.058,0.443,0.355,1.298,2.123,1.177,1.089
778,1965-11-01 00:00:00.00,0.039,0.132,0.598,0.523,1.16,2.612,2.76,1.615
779,1965-12-01 00:00:00.00,0.4,0.0,0.0,0.096,0.005,0.0,0.0,0.0
780,1966-01-01 00:00:00.00,0.0,0.011,0.335,0.387,1.596,1.604,2.033,1.88
781,1966-02-01 00:00:00.00,0.183,3.0,7.417,12.903,23.28,32.178,32.56,23.647
782,1966-03-01 00:00:00.00,0.0,0.0,0.0,0.028,0.134,1.902,1.406,0.178
783,1966-04-01 00:00:00.00,0.0,0.01,0.01,0.95,1.799,6.501,1.996,0.447
784,1966-05-01 00:00:00.00,15.914,0.461,8.083,5.777,35.418,35.351,45.988,47.877
785,1966-06-01 00:00:00.00,49.175,45.722,36.994,33.336,24.384,26.039,42.416,43.256
786,1966-07-01 00:00:00.00,191.453,64.636,88.285,25.688,47.202,45.981,57.7,74.339
787,1966-08-01 00:00:00.00,239.483,56.886,128.941,36.016,95.624,76.823,101.361,136.592
788,1966-09-01 00:00:00.00,79.71,53.501,47.114,16.077,38.357,41.37,53.933,49.434
789,1966-10-01 00:00:00.00,0.0,0.661,4.266,3.652,9.631,6.897,9.166,12.358
790,1966-11-01 00:00:00.00,22.862,0.556,2.609,2.091,4.227,3.909,4.359,5.889
791,1966-12-01 00:00:00.00,0.478,0.0,0.0,0.0,0.0,0.0,0.0,0.0
792,1967-01-01 00:00:00.00,0.0,0.0,0.0,0.0,0.0,0.0,0.0,0.0
793,1967-02-01 00:00:00.00,0.0,0.0,0.0,0.062,0.167,2.274,2.234,0.433
794,1967-03-01 00:00:00.00,50.2,45.951,55.654,32.597,47.049,53.374,45.481,40.837
795,1967-04-01 00:00:00.00,0.277,0.57,1.246,1.356,4.899,5.466,4.244,3.419
796,1967-05-01 00:00:00.00,5.947,1.501,4.398,0.164,1.134,0.925,1.137,2.167
797,1967-06-01 00:00:00.00,102.316,31.287,48.389,6.51,15.276,7.099,9.554,23.528
798,1967-07-01 00:00:00.00,233.313,143.439,118.313,54.628,38.397,26.216,47.633,77.307
799,1967-08-01 00:00:00.00,224.185,87.928,111.26,93.148,103.123,104.688,152.442,160.513
800,1967-09-01 00:00:00.00,188.78,92.791,112.934,41.681,56.027,33.85,46.246,72.603
801,1967-10-01 00:00:00.00,27.233,11.634,20.624,4.298,10.828,6.453,7.656,14.569
802,1967-11-01 00:00:00.00,0.039,1.527,6.725,5.755,11.741,11.282,13.557,18.366
803,1967-12-01 00:00:00.00,9.852,4.616,2.603,9.837,6.922,14.896,17.491,14.252
804,1968-01-01 00:00:00.00,1.848,3.553,2.671,6.36,3.967,3.68,4.909,3.303
805,1968-02-01 00:00:00.00,1.679,0.303,1.314,2.393,5.253,10.772,8.995,5.42
806,1968-03-01 00:00:00.00,12.542,0.0,0.358,0.247,1.156,2.926,2.923,3.384
807,1968-04-01 00:00:00.00,0.326,0.0,0.012,0.0,0.027,0.37,0.521,0.278
808,1968-05-01 00:00:00.00,3.443,0.973,3.835,0.921,6.422,8.707,7.467,7.902
809,1968-06-01 00:00:00.00,6.259,0.294,0.368,0.221,0.498,2.15,4.499,3.629
810,1968-07-01 00:00:00.00,197.657,110.63,99.016,44.996,31.836,24.97,57.563,84.322
811,1968-08-01 00:00:00.00,89.668,19.082,14.241,6.291,15.398,29.545,56.491,45.475
812,1968-09-01 00:00:00.00,14.912,1.163,0.699,0.249,0.315,0.265,0.366,0.436
813,1968-10-01 00:00:00.00,3.689,0.0,0.018,0.0,0.109,1.231,1.525,0.273
814,1968-11-01 00:00:00.00,0.039,0.0,0.0,0.0,0.0,0.0,0.0,0.0
815,1968-12-01 00:00:00.00,0.0,0.0,0.0,0.0,0.254,1.984,1.172,0.118
816,1969-01-01 00:00:00.00,6.052,1.076,2.828,0.189,0.884,0.237,0.277,1.821
817,1969-02-01 00:00:00.00,0.872,0.521,0.536,1.126,1.092,3.076,2.75,1.742
818,1969-03-01 00:00:00.00,0.312,0.183,0.512,0.604,1.109,4.983,5.58,2.473
819,1969-04-01 00:00:00.00,0.0,0.387,3.916,3.991,18.751,19.618,15.636,12.777
820,1969-05-01 00:00:00.00,4.085,0.0,0.111,0.03,1.603,7.193,10.892,8.024
821,1969-06-01 00:00:00.00,17.161,3.6,2.813,0.292,1.824,5.607,8.18,9.354
822,1969-07-01 00:00:00.00,144.558,39.16,48.37,22.468,60.962,83.857,100.668,103.986
823,1969-08-01 00:00:00.00,109.526,20.827,42.428,11.162,29.897,25.423,40.273,51.01
824,1969-09-01 00:00:00.00,86.345,12.945,23.42,2.464,7.495,8.767,23.067,27.806
825,1969-10-01 00:00:00.00,0.0,0.276,1.7,2.317,4.287,3.221,2.784,4.044
826,1969-11-01 00:00:00.00,5.077,1.297,0.191,0.0,0.0,0.0,0.0,0.0
827,1969-12-01 00:00:00.00,0.0,0.0,0.0,0.0,0.0,0.0,0.0,0.0
828,1970-01-01 00:00:00.00,3.647,0.087,1.3,1.442,6.104,7.009,11.47,10.091
829,1970-02-01 00:00:00.00,3.23,1.653,8.302,15.018,30.14,37.119,38.934,32.784
830,1970-03-01 00:00:00.00,3.967,5.666,1.552,3.896,5.5,9.086,14.369,11.007
831,1970-04-01 00:00:00.00,4.309,1.84,3.8,3.233,15.924,12.745,9.702,10.55
832,1970-05-01 00:00:00.00,15.802,1.163,3.927,0.324,2.983,3.628,12.285,15.126
833,1970-06-01 00:00:00.00,107.894,18.395,40.108,7.961,20.631,17.119,29.929,40.761
834,1970-07-01 00:00:00.00,96.931,40.884,47.078,17.845,21.094,20.639,20.939,32.249
835,1970-08-01 00:00:00.00,339.508,169.432,193.025,88.501,83.109,67.082,82.785,113.153
836,1970-09-01 00:00:00.00,152.583,120.911,107.495,70.594,89.882,59.855,74.526,101.32
837,1970-10-01 00:00:00.00,0.019,8.765,1.229,0.0,0.005,0.012,0.251,0.357
838,1970-11-01 00:00:00.00,0.039,3.624,0.326,0.0,0.0,0.0,0.0,0.0
839,1970-12-01 00:00:00.00,0.0,0.0,0.0,0.0,0.0,0.0,0.0,0.0
840,1971-01-01 00:00:00.00,1.008,0.011,0.324,0.475,1.617,1.73,2.722,2.63
841,1971-02-01 00:00:00.00,6.439,1.924,6.069,0.675,2.477,2.651,3.95,5.085
842,1971-03-01 00:00:00.00,0.09,0.172,0.353,0.012,0.041,0.449,0.517,0.084
843,1971-04-01 00:00:00.00,3.446,1.86,7.763,4.101,20.671,19.996,18.613,17.881
844,1971-05-01 00:00:00.00,16.606,15.045,25.12,16.638,40.156,34.62,44.519,49.124
845,1971-06-01 00:00:00.00,115.404,67.744,79.342,53.756,67.682,53.779,59.007,74.314
846,1971-07-01 00:00:00.00,127.777,90.017,65.242,56.286,36.53,31.718,53.494,63.495
847,1971-08-01 00:00:00.00,114.585,51.147,73.679,43.504,82.298,92.777,132.309,132.104
848,1971-09-01 00:00:00.00,70.72,20.923,27.031,5.182,14.885,11.612,20.607,30.731
849,1971-10-01 00:00:00.00,10.706,2.057,4.827,1.32,3.361,2.108,2.78,4.509
850,1971-11-01 00:00:00.00,1.143,0.0,0.0,0.0,0.0,0.0,0.0,0.0
851,1971-12-01 00:00:00.00,0.0,0.0,0.001,0.582,0.12,0.037,0.0,0.0
852,1972-01-01 00:00:00.00,0.17,0.084,1.217,2.424,6.137,6.343,7.954,6.804
853,1972-02-01 00:00:00.00,1.303,0.451,0.179,0.493,0.706,2.034,3.212,1.978
854,1972-03-01 00:00:00.00,0.0,0.0,0.0,0.0,0.027,0.831,0.871,0.13
855,1972-04-01 00:00:00.00,3.073,2.986,9.157,5.862,24.776,19.656,16.57,19.402
856,1972-05-01 00:00:00.00,5.646,1.501,4.399,0.164,1.107,0.076,0.199,2.085
857,1972-06-01 00:00:00.00,52.244,24.797,45.16,32.133,62.123,45.212,48.368,63.934
858,1972-07-01 00:00:00.00,39.111,52.767,28.32,30.799,32.963,38.172,64.121,74.209
859,1972-08-01 00:00:00.00,299.973,116.92,179.295,58.974,111.666,81.246,123.031,170.695
860,1972-09-01 00:00:00.00,36.231,1.266,5.885,4.222,11.957,17.509,23.112,16.402
861,1972-10-01 00:00:00.00,0.0,0.044,0.343,0.22,0.837,1.257,2.801,3.145
862,1972-11-01 00:00:00.00,4.887,0.0,0.092,0.0,0.082,1.444,2.27,0.929
863,1972-12-01 00:00:00.00,0.804,0.037,0.28,0.899,1.731,3.965,3.199,1.916
864,1973-01-01 00:00:00.00,1.781,0.79,0.526,0.028,0.278,0.871,3.071,2.614
865,1973-02-01 00:00:00.00,3.295,0.133,0.586,0.088,0.334,2.222,2.59,1.27
866,1973-03-01 00:00:00.00,0.0,0.0,0.0,0.0,0.038,1.149,1.072,0.12
867,1973-04-01 00:00:00.00,0.0,0.0,0.0,0.0,0.001,0.389,0.312,0.0
868,1973-05-01 00:00:00.00,21.649,6.678,18.788,2.559,11.234,11.645,11.4,17.079
869,1973-06-01 00:00:00.00,78.826,30.805,38.153,3.864,6.083,2.295,4.142,12.535
870,1973-07-01 00:00:00.00,153.204,108.425,95.001,75.061,75.823,64.93,86.598,101.381
871,1973-08-01 00:00:00.00,447.305,187.989,253.114,65.213,120.641,110.793,128.487,180.337
872,1973-09-01 00:00:00.00,115.962,55.944,47.934,7.052,9.736,12.294,15.718,19.303
873,1973-10-01 00:00:00.00,9.203,3.056,0.639,0.0,0.157,0.094,1.657,2.965
874,1973-11-01 00:00:00.00,0.039,0.0,0.0,0.0,0.0,0.0,0.0,0.0
875,1973-12-01 00:00:00.00,0.004,0.034,0.228,0.968,1.666,4.75,4.834,2.816
876,1974-01-01 00:00:00.00,0.0,0.0,0.0,0.0,0.036,0.434,0.364,0.003
877,1974-02-01 00:00:00.00,1.02,0.0,0.043,0.113,0.109,0.984,0.783,0.082
878,1974-03-01 00:00:00.00,0.07,0.01,0.073,1.113,0.726,0.764,1.052,0.717
879,1974-04-01 00:00:00.00,5.726,0.526,5.499,4.961,24.79,20.562,15.009,16.294
880,1974-05-01 00:00:00.00,42.862,11.605,25.348,7.379,29.821,22.854,23.557,35.652
881,1974-06-01 00:00:00.00,88.15,23.667,53.181,14.334,35.351,24.816,26.861,41.778
882,1974-07-01 00:00:00.00,206.299,50.17,135.556,55.812,177.299,162.646,213.326,269.036
883,1974-08-01 00:00:00.00,73.94,12.207,15.869,2.965,3.963,8.176,18.358,17.001
884,1974-09-01 00:00:00.00,30.112,6.429,10.324,2.876,7.739,5.609,6.151,8.875
885,1974-10-01 00:00:00.00,32.999,8.424,14.012,0.752,1.407,0.045,0.795,4.148
886,1974-11-01 00:00:00.00,0.039,0.0,0.0,0.0,0.0,0.0,0.0,0.0
887,1974-12-01 00:00:00.00,5.585,2.018,3.51,3.139,7.234,10.099,9.537,10.363
888,1975-01-01 00:00:00.00,0.189,2.191,1.877,3.899,3.65,3.706,5.67,4.485
889,1975-02-01 00:00:00.00,0.485,0.399,0.705,0.984,1.053,5.582,3.573,1.242
890,1975-03-01 00:00:00.00,1.06,0.506,1.804,1.319,4.242,7.891,7.637,4.66
891,1975-04-01 00:00:00.00,0.0,0.0,0.003,0.314,0.738,3.007,0.94,0.096
892,1975-05-01 00:00:00.00,5.968,1.051,3.415,0.312,2.089,1.133,1.235,2.833
893,1975-06-01 00:00:00.00,171.267,63.886,100.663,19.965,42.939,45.736,48.534,63.682
894,1975-07-01 00:00:00.00,423.157,142.668,216.315,40.652,102.501,87.904,133.668,201.471
895,1975-08-01 00:00:00.00,232.229,183.662,163.378,152.192,110.322,70.292,100.801,132.406
896,1975-09-01 00:00:00.00,150.116,102.892,94.993,76.89,76.279,58.533,81.894,96.26
897,1975-10-01 00:00:00.00,13.705,35.57,24.03,6.119,2.74,0.407,2.577,4.675
898,1975-11-01 00:00:00.00,0.039,0.0,0.0,0.0,0.0,0.0,0.0,0.0
899,1975-12-01 00:00:00.00,0.0,0.074,0.416,0.98,2.385,3.702,2.764,2.658
900,1976-01-01 00:00:00.00,4.841,7.158,4.62,4.989,5.481,5.408,7.08,6.831
901,1976-02-01 00:00:00.00,7.328,7.502,11.684,11.432,4.344,2.861,5.23,6.411
902,1976-03-01 00:00:00.00,0.055,0.46,0.178,0.761,0.731,4.838,3.58,1.454
903,1976-04-01 00:00:00.00,4.265,2.331,8.752,3.985,19.991,17.175,14.38,15.93
904,1976-05-01 00:00:00.00,0.413,0.188,1.787,3.079,2.906,6.172,16.795,17.41
905,1976-06-01 00:00:00.00,45.112,27.225,18.281,11.075,41.617,38.126,28.932,27.702
906,1976-07-01 00:00:00.00,145.546,150.752,88.985,83.189,72.745,73.426,108.662,127.679
907,1976-08-01 00:00:00.00,216.861,95.061,132.36,50.737,108.965,130.474,201.235,199.159
908,1976-09-01 00:00:00.00,239.555,121.186,188.532,136.284,108.849,75.646,90.004,117.206
909,1976-10-01 00:00:00.00,0.0,0.0,0.028,0.0,1.236,2.263,3.369,2.952
910,1976-11-01 00:00:00.00,17.161,18.272,9.995,3.497,1.837,0.402,0.355,2.281
911,1976-12-01 00:00:00.00,0.507,0.0,0.0,0.0,0.0,0.0,0.037,0.061
912,1977-01-01 00:00:00.00,11.039,4.041,6.121,2.518,7.835,8.066,10.861,11.697
913,1977-02-01 00:00:00.00,0.082,1.056,1.79,0.129,0.319,0.0,0.081,0.082
914,1977-03-01 00:00:00.00,2.533,0.0,0.074,0.0,0.0,0.183,0.191,0.0
915,1977-04-01 00:00:00.00,11.08,6.877,12.573,4.522,11.266,13.882,18.686,18.943
916,1977-05-01 00:00:00.00,2.957,25.305,20.364,21.55,13.394,13.25,18.508,12.243
917,1977-06-01 00:00:00.00,142.619,83.068,113.327,59.898,107.714,83.962,94.165,120.94
918,1977-07-01 00:00:00.00,224.017,169.246,154.305,102.02,174.737,144.876,208.94,263.537
919,1977-08-01 00:00:00.00,109.366,46.241,53.557,23.413,34.438,35.894,49.869,49.534
920,1977-09-01 00:00:00.00,75.005,39.767,68.687,60.64,130.379,97.041,116.984,143.376
921,1977-10-01 00:00:00.00,5.461,0.0,0.114,0.0,0.248,2.151,4.06,2.676
922,1977-11-01 00:00:00.00,10.363,0.546,2.642,1.771,4.146,4.039,4.281,5.566
923,1977-12-01 00:00:00.00,0.0,0.0,0.006,0.0,0.164,1.02,1.915,1.541
924,1978-01-01 00:00:00.00,2.003,0.005,0.097,0.719,0.644,0.938,0.814,0.374
925,1978-02-01 00:00:00.00,6.984,3.388,5.228,4.009,5.848,6.675,8.68,8.468
926,1978-03-01 00:00:00.00,8.519,0.09,1.003,1.595,5.438,15.116,14.024,6.829
927,1978-04-01 00:00:00.00,11.681,6.302,20.997,10.644,26.356,17.705,17.35,22.821
928,1978-05-01 00:00:00.00,0.004,0.0,0.006,0.0,0.096,0.076,0.199,0.2
929,1978-06-01 00:00:00.00,82.96,97.611,51.505,56.898,29.801,29.903,46.081,51.531
930,1978-07-01 00:00:00.00,244.746,196.34,202.691,201.25,230.765,199.393,224.491,270.222
931,1978-08-01 00:00:00.00,196.105,123.776,117.735,63.466,54.409,60.759,101.235,99.182
932,1978-09-01 00:00:00.00,35.651,5.611,12.621,9.009,25.726,29.363,50.158,49.708
933,1978-10-01 00:00:00.00,1.467,0.021,0.274,0.145,0.481,0.286,0.328,0.49
934,1978-11-01 00:00:00.00,51.292,45.12,30.311,7.858,2.589,0.622,0.653,4.338
935,1978-12-01 00:00:00.00,2.004,0.0,0.0,0.0,0.0,0.0,0.144,0.206
936,1979-01-01 00:00:00.00,1.898,0.079,1.152,1.505,5.765,7.593,8.135,7.012
937,1979-02-01 00:00:00.00,13.149,8.652,16.561,12.425,25.222,32.238,32.335,29.344
938,1979-03-01 00:00:00.00,1.093,0.189,1.403,4.116,6.797,14.648,12.329,7.035
939,1979-04-01 00:00:00.00,0.04,0.057,0.509,1.515,3.1,3.602,3.654,2.923
940,1979-05-01 00:00:00.00,14.966,15.121,15.164,7.845,19.277,19.434,23.188,24.798
941,1979-06-01 00:00:00.00,81.507,36.472,45.64,15.81,10.71,7.538,17.691,26.34
942,1979-07-01 00:00:00.00,353.944,92.089,165.829,14.452,47.362,33.599,52.356,95.841
943,1979-08-01 00:00:00.00,239.568,122.141,140.785,63.673,45.143,26.886,31.984,55.189
944,1979-09-01 00:00:00.00,13.749,5.175,14.195,13.599,31.77,29.675,36.663,36.627
945,1979-10-01 00:00:00.00,30.828,25.706,24.86,9.531,9.357,4.838,5.488,10.706
946,1979-11-01 00:00:00.00,9.555,34.875,10.455,11.148,3.689,3.313,3.361,3.773
947,1979-12-01 00:00:00.00,1.456,0.972,1.016,4.522,4.293,5.723,5.293,5.242
948,1980-01-01 00:00:00.00,0.221,0.0,0.084,0.088,0.665,1.763,2.095,1.038
949,1980-02-01 00:00:00.00,0.799,0.202,0.522,0.026,0.169,0.533,1.632,1.403
950,1980-03-01 00:00:00.00,3.868,0.33,2.746,3.928,11.0,16.676,15.222,10.983
951,1980-04-01 00:00:00.00,0.04,0.0,0.0,0.0,0.089,1.543,1.603,0.406
952,1980-05-01 00:00:00.00,4.569,1.081,3.999,0.786,5.017,3.961,5.862,8.109
953,1980-06-01 00:00:00.00,88.651,40.339,43.274,13.954,19.491,24.135,34.898,33.579
954,1980-07-01 00:00:00.00,162.769,68.12,91.772,36.483,80.497,110.785,159.576,156.866
955,1980-08-01 00:00:00.00,75.422,25.565,14.763,10.888,17.398,40.073,59.707,32.574
956,1980-09-01 00:00:00.00,34.401,8.926,18.61,6.856,18.676,17.949,25.625,26.997
957,1980-10-01 00:00:00.00,1.537,0.112,0.701,1.777,2.011,1.902,2.148,2.323
958,1980-11-01 00:00:00.00,4.195,3.238,8.144,8.031,11.763,11.782,12.675,15.499
959,1980-12-01 00:00:00.00,9.565,7.774,6.976,4.167,7.195,9.958,8.788,9.791
960,1981-01-01 00:00:00.00,2.913,0.297,0.756,0.362,1.404,7.033,9.897,4.038
961,1981-02-01 00:00:00.00,0.0,2.087,0.893,3.053,1.806,4.714,5.437,3.262
962,1981-03-01 00:00:00.00,10.915,15.105,12.606,15.704,21.869,30.73,24.037,17.312
963,1981-04-01 00:00:00.00,0.0,0.0,0.0,0.0,0.033,0.113,0.0,0.0
964,1981-05-01 00:00:00.00,8.579,2.278,8.264,8.949,19.93,14.165,14.008,16.195
965,1981-06-01 00:00:00.00,56.927,2.899,3.267,1.103,16.419,14.336,32.448,43.751
966,1981-07-01 00:00:00.00,143.915,71.073,86.894,87.668,166.92,180.975,214.043,208.566
967,1981-08-01 00:00:00.00,113.798,60.398,43.319,17.282,35.763,35.036,47.1,49.762
968,1981-09-01 00:00:00.00,124.675,56.629,71.721,22.422,21.238,7.305,13.095,29.105
969,1981-10-01 00:00:00.00,2.711,0.66,1.123,0.231,0.169,0.729,0.998,0.273
970,1981-11-01 00:00:00.00,64.992,30.966,35.737,8.867,16.433,20.738,26.062,31.192
971,1981-12-01 00:00:00.00,0.231,0.0,0.009,0.0,0.094,0.121,1.486,1.766
972,1982-01-01 00:00:00.00,12.629,2.89,8.088,4.529,10.165,9.751,11.816,12.625
973,1982-02-01 00:00:00.00,0.79,2.775,1.978,4.708,2.561,4.883,5.395,2.878
974,1982-03-01 00:00:00.00,9.263,2.519,9.198,11.765,25.546,43.093,39.352,24.887
975,1982-04-01 00:00:00.00,13.399,0.731,8.741,1.642,24.414,31.634,36.911,34.313
976,1982-05-01 00:00:00.00,56.53,34.722,65.44,27.344,62.894,48.027,57.235,75.407
977,1982-06-01 00:00:00.00,26.841,3.611,8.407,3.335,24.575,21.317,30.781,38.234
978,1982-07-01 00:00:00.00,186.538,92.152,133.11,42.872,247.32,211.032,258.433,346.145
979,1982-08-01 00:00:00.00,140.455,54.592,70.528,35.493,119.808,113.125,153.647,169.62
980,1982-09-01 00:00:00.00,8.019,0.472,0.551,0.249,0.315,0.265,0.366,0.436
981,1982-10-01 00:00:00.00,22.648,8.58,16.906,4.427,9.399,5.837,6.428,12.716
982,1982-11-01 00:00:00.00,24.963,19.358,4.817,3.613,0.824,3.543,4.57,1.858
983,1982-12-01 00:00:00.00,7.219,1.966,3.388,3.595,5.362,8.86,8.901,8.183
984,1983-01-01 00:00:00.00,1.814,0.557,1.167,1.317,2.855,4.974,9.584,6.896
985,1983-02-01 00:00:00.00,0.799,1.989,1.919,4.581,2.036,4.78,6.44,3.831
986,1983-03-01 00:00:00.00,0.0,0.0,0.562,0.245,6.473,13.568,12.173,6.762
987,1983-04-01 00:00:00.00,12.095,16.62,10.003,15.888,23.929,30.598,34.267,32.875
988,1983-05-01 00:00:00.00,23.105,8.225,26.038,9.316,49.529,58.234,67.59,65.394
989,1983-06-01 00:00:00.00,47.302,14.444,24.737,10.155,38.263,31.359,37.993,48.514
990,1983-07-01 00:00:00.00,293.777,122.298,199.271,91.32,153.279,120.868,154.346,218.373
991,1983-08-01 00:00:00.00,301.507,190.021,198.539,151.973,170.34,138.298,174.164,211.756
992,1983-09-01 00:00:00.00,59.478,23.958,14.187,5.084,24.503,25.966,34.89,40.391
993,1983-10-01 00:00:00.00,45.835,25.292,35.057,13.677,7.237,2.886,4.746,9.038
994,1983-11-01 00:00:00.00,0.039,0.0,0.0,0.0,0.0,0.0,0.0,0.0
995,1983-12-01 00:00:00.00,0.441,0.014,0.163,0.956,0.213,0.16,0.732,0.75
996,1984-01-01 00:00:00.00,0.389,0.0,0.012,0.0,0.0,0.028,0.0,0.005
997,1984-02-01 00:00:00.00,0.863,0.0,0.2,0.074,2.931,8.885,9.545,4.537
998,1984-03-01 00:00:00.00,13.268,0.034,0.552,0.868,0.807,2.076,1.147,2.142
999,1984-04-01 00:00:00.00,9.327,1.713,5.304,4.673,8.309,9.143,12.689,11.919
1000,1984-05-01 00:00:00.00,0.492,0.0,0.006,0.0,0.103,0.172,0.711,0.697
1001,1984-06-01 00:00:00.00,25.298,2.49,4.577,1.646,1.87,3.282,6.923,6.506
1002,1984-07-01 00:00:00.00,124.062,47.835,53.992,19.157,29.503,63.885,96.283,65.483
1003,1984-08-01 00:00:00.00,147.102,167.518,99.847,63.76,64.921,69.944,102.22,108.939
1004,1984-09-01 00:00:00.00,129.212,55.67,74.653,28.259,36.682,31.781,41.02,50.613
1005,1984-10-01 00:00:00.00,2.51,0.0,0.092,0.0,0.0,0.0,0.0,0.0
1006,1984-11-01 00:00:00.00,0.118,0.0,0.0,0.0,0.0,0.0,0.0,0.0
1007,1984-12-01 00:00:00.00,0.0,0.408,0.098,1.292,0.3,2.712,2.499,0.269
1008,1985-01-01 00:00:00.00,0.533,0.0,0.085,0.218,0.579,0.629,0.793,0.65
1009,1985-02-01 00:00:00.00,0.0,0.0,0.0,0.0,0.0,0.175,0.129,0.0
1010,1985-03-01 00:00:00.00,7.907,0.0,0.145,0.028,0.249,0.834,0.696,1.285
1011,1985-04-01 00:00:00.00,16.509,2.602,8.63,5.923,18.99,20.068,16.593,18.99
1012,1985-05-01 00:00:00.00,44.103,11.187,31.13,2.77,17.071,12.815,14.568,24.323
1013,1985-06-01 00:00:00.00,10.687,59.901,30.101,50.073,21.344,17.088,24.611,21.373
1014,1985-07-01 00:00:00.00,140.617,40.737,48.795,61.468,71.203,69.426,126.447,141.84
1015,1985-08-01 00:00:00.00,131.167,87.178,69.882,59.92,73.604,73.286,97.009,113.252
1016,1985-09-01 00:00:00.00,36.829,3.321,4.842,0.473,1.951,10.635,17.991,9.465
1017,1985-10-01 00:00:00.00,23.068,5.937,6.663,0.303,1.218,2.128,4.738,6.429
1018,1985-11-01 00:00:00.00,0.039,0.0,0.0,0.0,0.001,0.243,0.284,0.029
1019,1985-12-01 00:00:00.00,1.971,0.042,0.304,1.611,2.094,4.795,6.387,5.221
1020,1986-01-01 00:00:00.00,0.633,0.0,0.102,0.044,1.572,1.921,4.033,3.761
1021,1986-02-01 00:00:00.00,3.552,1.053,3.636,4.279,10.28,15.95,19.781,14.792
1022,1986-03-01 00:00:00.00,2.539,1.324,0.786,2.034,2.214,4.488,4.484,2.817
1023,1986-04-01 00:00:00.00,0.0,6.076,1.556,4.238,1.29,3.166,3.628,1.787
1024,1986-05-01 00:00:00.00,31.005,9.296,24.307,6.711,16.902,14.896,18.125,22.693
1025,1986-06-01 00:00:00.00,23.811,16.711,11.493,8.184,57.005,65.309,63.343,63.57
1026,1986-07-01 00:00:00.00,211.892,75.841,118.762,46.391,121.314,118.369,133.21,157.652
1027,1986-08-01 00:00:00.00,77.953,104.639,86.074,109.429,65.412,54.889,76.613,69.367
1028,1986-09-01 00:00:00.00,8.945,0.472,1.227,0.478,6.81,11.82,19.763,15.94
1029,1986-10-01 00:00:00.00,8.427,1.928,2.796,0.245,0.286,0.403,0.606,0.673
1030,1986-11-01 00:00:00.00,0.039,0.0,0.0,0.0,0.0,0.0,0.0,0.0
1031,1986-12-01 00:00:00.00,1.259,0.012,0.253,0.004,0.903,2.206,3.135,2.575
1032,1987-01-01 00:00:00.00,8.955,1.597,5.094,2.463,7.353,7.265,11.249,11.243
1033,1987-02-01 00:00:00.00,1.95,0.658,3.436,4.967,12.783,17.924,17.848,13.943
1034,1987-03-01 00:00:00.00,12.729,29.749,45.274,25.936,18.813,13.829,12.832,9.68
1035,1987-04-01 00:00:00.00,0.0,0.0,0.006,0.0,0.17,1.738,2.395,1.186
1036,1987-05-01 00:00:00.00,25.105,11.871,19.223,10.451,19.667,15.766,24.283,29.933
1037,1987-06-01 00:00:00.00,52.32,14.618,26.065,5.109,13.639,18.186,19.718,18.457
1038,1987-07-01 00:00:00.00,46.638,7.652,12.367,2.193,8.509,20.612,26.283,18.175
1039,1987-08-01 00:00:00.00,58.922,34.422,26.179,18.098,23.564,26.532,36.041,40.051
1040,1987-09-01 00:00:00.00,17.513,0.472,0.594,0.249,0.375,0.371,2.05,2.552
1041,1987-10-01 00:00:00.00,0.769,0.327,2.147,1.828,4.82,4.372,5.344,5.426
1042,1987-11-01 00:00:00.00,0.134,0.0,0.012,0.0,0.0,0.0,0.0,0.0
1043,1987-12-01 00:00:00.00,4.39,2.991,2.187,0.228,0.394,0.06,0.779,1.486
1044,1988-01-01 00:00:00.00,7.824,1.442,3.321,0.227,1.073,0.534,0.434,2.051
1045,1988-02-01 00:00:00.00,0.155,0.0,0.009,0.062,0.229,1.397,3.67,2.673
1046,1988-03-01 00:00:00.00,9.4,5.651,13.632,7.603,22.931,33.552,31.607,23.323
1047,1988-04-01 00:00:00.00,7.207,6.21,8.527,0.543,2.259,1.584,2.636,3.403
1048,1988-05-01 00:00:00.00,0.459,0.0,0.012,0.0,0.172,0.334,0.865,1.111
1049,1988-06-01 00:00:00.00,58.881,13.09,27.87,12.991,32.251,27.498,34.991,42.068
1050,1988-07-01 00:00:00.00,179.114,165.903,141.829,80.861,65.188,64.097,90.369,91.876
1051,1988-08-01 00:00:00.00,151.653,144.865,109.458,91.239,61.612,46.041,88.836,110.654
1052,1988-09-01 00:00:00.00,133.852,43.398,67.863,13.548,37.019,39.209,50.233,58.13
1053,1988-10-01 00:00:00.00,0.223,0.916,5.585,4.75,12.429,9.734,11.585,13.574
1054,1988-11-01 00:00:00.00,0.043,0.0,0.0,0.0,0.0,0.0,0.0,0.0
1055,1988-12-01 00:00:00.00,0.03,0.0,0.0,0.0,0.084,2.698,3.031,0.553
1056,1989-01-01 00:00:00.00,5.989,1.428,5.56,4.057,16.146,17.49,25.493,23.398
1057,1989-02-01 00:00:00.00,0.0,0.0,0.0,0.0,0.031,0.544,1.027,0.55
1058,1989-03-01 00:00:00.00,1.031,1.379,2.298,3.057,1.974,5.283,7.2,4.283
1059,1989-04-01 00:00:00.00,0.04,0.0,0.0,0.0,0.068,0.774,0.581,0.039
1060,1989-05-01 00:00:00.00,0.296,0.0,0.031,0.0,0.177,1.533,2.318,0.915
1061,1989-06-01 00:00:00.00,15.853,6.985,6.91,14.958,10.079,10.506,9.852,8.971
1062,1989-07-01 00:00:00.00,117.062,66.071,76.145,79.178,101.003,100.762,108.323,108.763
1063,1989-08-01 00:00:00.00,210.029,116.629,131.884,65.539,103.878,85.2,103.246,127.409
1064,1989-09-01 00:00:00.00,46.079,10.732,19.217,4.507,12.616,12.339,22.387,25.75
1065,1989-10-01 00:00:00.00,0.253,0.0,0.0,0.0,0.0,0.0,0.129,0.236
1066,1989-11-01 00:00:00.00,2.374,0.0,0.028,0.0,0.272,1.868,2.546,2.258
1067,1989-12-01 00:00:00.00,0.694,0.053,0.325,1.904,0.583,0.852,0.472,0.547
1068,1990-01-01 00:00:00.00,0.0,0.0,0.004,0.534,0.313,0.729,0.268,0.0
1069,1990-02-01 00:00:00.00,18.753,8.405,20.291,12.382,17.383,22.035,23.057,20.444
1070,1990-03-01 00:00:00.00,0.004,0.005,0.004,0.64,0.524,7.492,6.808,0.928
1071,1990-04-01 00:00:00.00,0.04,0.059,0.513,1.73,3.213,5.172,5.231,2.83
1072,1990-05-01 00:00:00.00,9.461,8.285,15.393,12.418,45.726,37.29,45.275,52.626
1073,1990-06-01 00:00:00.00,45.395,2.269,4.607,1.663,8.047,7.812,11.023,12.891
1074,1990-07-01 00:00:00.00,131.801,52.905,61.855,23.868,43.074,46.229,70.096,76.641
1075,1990-08-01 00:00:00.00,203.669,107.41,123.566,46.107,70.75,74.858,95.888,105.468
1076,1990-09-01 00:00:00.00,163.915,99.437,75.742,34.915,22.05,30.15,49.411,47.311
1077,1990-10-01 00:00:00.00,0.335,1.009,0.148,0.0,0.256,0.466,0.709,0.638
1078,1990-11-01 00:00:00.00,0.056,0.385,1.126,2.07,1.123,2.467,3.204,2.597
1079,1990-12-01 00:00:00.00,13.696,4.836,4.609,0.433,1.494,4.472,6.87,6.793
1080,1991-01-01 00:00:00.00,0.0,0.489,0.133,0.471,0.002,0.0,0.0,0.0
1081,1991-02-01 00:00:00.00,1.0,0.029,0.661,1.381,3.343,6.871,9.587,7.127
1082,1991-03-01 00:00:00.00,0.004,0.0,0.0,0.0,0.122,1.737,1.7,0.496
1083,1991-04-01 00:00:00.00,0.163,0.0,0.003,0.314,0.971,11.092,10.215,1.69
1084,1991-05-01 00:00:00.00,10.806,1.68,6.945,2.593,14.397,18.14,24.807,24.164
1085,1991-06-01 00:00:00.00,65.859,9.326,20.652,7.827,20.555,28.198,36.648,31.659
1086,1991-07-01 00:00:00.00,178.641,77.42,92.137,22.456,46.757,20.592,32.527,67.368
1087,1991-08-01 00:00:00.00,62.446,12.055,11.581,1.004,3.512,16.055,48.63,41.98
1088,1991-09-01 00:00:00.00,38.271,58.835,47.343,50.633,40.204,29.193,21.503,23.133
1089,1991-10-01 00:00:00.00,0.0,8.194,1.093,1.761,0.315,0.589,0.883,0.75
1090,1991-11-01 00:00:00.00,9.013,0.0,0.139,0.0,0.021,0.058,1.674,2.98
1091,1991-12-01 00:00:00.00,9.204,1.942,3.676,3.526,8.302,12.072,12.914,13.701
1092,1992-01-01 00:00:00.00,2.893,1.885,2.316,3.613,4.773,7.452,8.007,6.191
1093,1992-02-01 00:00:00.00,6.853,15.809,14.298,17.584,15.804,18.675,19.521,18.073
1094,1992-03-01 00:00:00.00,0.929,0.752,1.705,0.918,2.114,3.51,3.009,1.936
1095,1992-04-01 00:00:00.00,0.518,0.045,0.075,4.467,2.902,3.797,4.05,2.257
1096,1992-05-01 00:00:00.00,11.083,1.514,10.16,13.729,13.561,19.456,22.91,16.439
1097,1992-06-01 00:00:00.00,3.376,1.932,0.565,0.231,2.337,5.003,7.036,5.345
1098,1992-07-01 00:00:00.00,110.108,74.81,61.462,44.237,40.344,29.454,40.673,58.675
1099,1992-08-01 00:00:00.00,133.952,88.156,83.726,53.752,61.845,65.129,95.101,99.412
1100,1992-09-01 00:00:00.00,119.554,50.559,66.008,19.684,41.984,35.801,51.024,60.805
1101,1992-10-01 00:00:00.00,5.321,1.449,6.829,5.16,13.365,8.485,9.765,14.626
1102,1992-11-01 00:00:00.00,8.668,0.331,0.116,0.0,0.632,3.031,6.165,7.804
1103,1992-12-01 00:00:00.00,0.0,0.0,0.0,0.061,0.001,0.283,0.263,0.0
1104,1993-01-01 00:00:00.00,0.314,0.008,0.013,1.085,0.706,1.549,1.844,1.205
1105,1993-02-01 00:00:00.00,0.913,12.013,1.2,36.565,2.111,3.899,4.56,3.134
1106,1993-03-01 00:00:00.00,1.795,0.0,0.198,0.07,2.079,5.506,4.968,2.443
1107,1993-04-01 00:00:00.00,0.464,0.558,0.229,0.534,1.146,8.214,6.88,2.155
1108,1993-05-01 00:00:00.00,7.303,1.185,3.107,0.525,3.607,5.801,8.762,7.379
1109,1993-06-01 00:00:00.00,93.975,22.909,48.136,18.523,30.891,17.106,30.134,49.427
1110,1993-07-01 00:00:00.00,252.123,192.316,175.751,103.118,126.073,105.624,146.707,194.283
1111,1993-08-01 00:00:00.00,76.681,15.012,25.315,5.123,17.928,17.451,33.609,40.633
1112,1993-09-01 00:00:00.00,111.221,24.42,31.615,8.708,20.846,19.446,38.545,47.911
1113,1993-10-01 00:00:00.00,19.848,7.436,13.312,3.145,5.132,2.227,2.866,6.417
1114,1993-11-01 00:00:00.00,4.194,12.742,2.4,4.652,0.442,0.035,0.052,0.555
1115,1993-12-01 00:00:00.00,0.0,0.0,0.0,0.0,0.0,0.0,0.0,0.0
1116,1994-01-01 00:00:00.00,15.517,4.197,7.567,4.773,12.253,11.223,15.217,16.487
1117,1994-02-01 00:00:00.00,1.311,0.005,0.104,1.402,1.094,2.192,2.34,1.255
1118,1994-03-01 00:00:00.00,4.408,1.08,1.445,0.335,1.054,1.628,3.705,3.262
1119,1994-04-01 00:00:00.00,2.363,0.063,1.206,0.11,3.257,4.274,5.44,5.176
1120,1994-05-01 00:00:00.00,7.092,0.238,3.165,0.942,22.863,34.679,35.294,24.96
1121,1994-06-01 00:00:00.00,39.392,14.336,14.147,20.752,19.542,16.663,23.521,24.457
1122,1994-07-01 00:00:00.00,322.707,174.783,155.382,115.875,87.588,59.833,111.927,160.777
1123,1994-08-01 00:00:00.00,269.363,154.883,206.972,184.605,99.624,59.649,89.845,130.897
1124,1994-09-01 00:00:00.00,62.326,194.731,86.036,102.113,44.97,31.01,34.282,30.038
1125,1994-10-01 00:00:00.00,0.523,0.0,0.012,0.0,0.0,0.177,0.24,0.0
1126,1994-11-01 00:00:00.00,0.039,0.0,0.0,0.0,0.0,0.0,0.0,0.0
1127,1994-12-01 00:00:00.00,0.0,0.015,0.013,1.937,0.958,2.678,1.189,0.213
1128,1995-01-01 00:00:00.00,7.534,4.216,6.067,6.047,10.617,10.171,16.394,15.808
1129,1995-02-01 00:00:00.00,0.245,0.991,4.337,6.705,16.644,28.512,30.461,19.319
1130,1995-03-01 00:00:00.00,14.941,0.0,0.234,0.396,0.869,2.889,6.543,6.21
1131,1995-04-01 00:00:00.00,2.474,0.72,3.054,5.039,16.175,16.306,9.374,9.396
1132,1995-05-01 00:00:00.00,1.852,0.384,1.079,1.019,0.999,0.206,0.199,0.518
1133,1995-06-01 00:00:00.00,27.388,6.429,13.686,5.252,17.264,22.512,29.341,26.905
1134,1995-07-01 00:00:00.00,385.78,194.182,249.697,121.405,193.15,145.159,161.713,232.188
1135,1995-08-01 00:00:00.00,115.831,35.387,60.774,24.507,59.643,77.309,122.844,128.778
1136,1995-09-01 00:00:00.00,32.91,6.355,8.347,5.065,17.158,28.653,35.596,33.684
1137,1995-10-01 00:00:00.00,15.443,31.035,18.985,17.088,8.736,3.541,3.921,7.178
1138,1995-11-01 00:00:00.00,0.499,0.331,0.016,0.0,0.04,0.705,1.042,0.462
1139,1995-12-01 00:00:00.00,0.008,0.628,0.433,1.212,0.277,0.244,0.221,0.042
1140,1996-01-01 00:00:00.00,3.221,1.452,2.084,2.212,3.826,4.799,5.737,4.422
1141,1996-02-01 00:00:00.00,1.509,0.543,1.15,2.77,2.792,5.659,6.915,4.609
1142,1996-03-01 00:00:00.00,9.919,0.198,1.693,2.751,6.469,9.9,8.327,6.884
1143,1996-04-01 00:00:00.00,9.561,2.819,7.146,1.305,6.559,4.989,3.427,5.637
1144,1996-05-01 00:00:00.00,28.401,6.57,18.493,6.37,15.278,10.598,8.634,17.585
1145,1996-06-01 00:00:00.00,231.35,123.208,153.937,74.562,129.786,111.451,134.483,159.89
1146,1996-07-01 00:00:00.00,186.813,105.083,105.806,56.387,64.515,50.851,70.713,99.968
1147,1996-08-01 00:00:00.00,414.806,124.747,202.847,28.471,77.725,72.286,108.613,140.86
1148,1996-09-01 00:00:00.00,39.825,6.613,5.089,2.43,7.25,6.86,17.447,21.166
1149,1996-10-01 00:00:00.00,2.823,17.733,6.182,6.819,3.009,1.514,2.273,3.476
1150,1996-11-01 00:00:00.00,0.043,0.0,0.0,0.0,0.0,0.0,0.0,0.0
1151,1996-12-01 00:00:00.00,0.0,0.0,0.0,0.0,0.0,0.0,0.0,0.0
1152,1997-01-01 00:00:00.00,3.947,3.337,4.368,2.973,4.747,4.937,6.151,5.105
1153,1997-02-01 00:00:00.00,0.0,0.006,0.373,0.531,1.698,3.246,3.355,1.879
1154,1997-03-01 00:00:00.00,0.609,7.957,4.343,9.823,4.602,6.5,5.686,3.134
1155,1997-04-01 00:00:00.00,1.791,3.381,3.073,3.999,7.815,10.45,17.179,15.834
1156,1997-05-01 00:00:00.00,14.522,4.171,10.142,4.329,21.131,22.994,29.28,32.296
1157,1997-06-01 00:00:00.00,93.433,61.237,76.595,54.903,82.689,68.074,87.12,101.445
1158,1997-07-01 00:00:00.00,129.173,33.154,54.062,18.437,38.652,62.376,78.916,59.782
1159,1997-08-01 00:00:00.00,281.991,172.371,177.075,123.316,96.041,87.97,120.151,118.748
1160,1997-09-01 00:00:00.00,76.899,39.371,32.884,11.888,9.057,7.812,14.947,18.006
1161,1997-10-01 00:00:00.00,22.97,27.903,27.598,15.492,16.769,12.041,14.745,21.231
1162,1997-11-01 00:00:00.00,53.27,13.488,15.662,1.968,2.571,3.756,6.452,8.63
1163,1997-12-01 00:00:00.00,6.612,0.103,0.642,1.786,3.452,4.685,5.112,6.974
1164,1998-01-01 00:00:00.00,0.034,0.005,0.005,0.658,0.244,0.051,0.0,0.0
1165,1998-02-01 00:00:00.00,15.187,5.031,13.776,0.898,3.773,4.876,6.977,9.714
1166,1998-03-01 00:00:00.00,2.397,24.162,14.723,22.884,8.605,6.242,8.085,6.119
1167,1998-04-01 00:00:00.00,23.993,11.928,34.624,11.195,55.115,42.663,33.902,42.626
1168,1998-05-01 00:00:00.00,0.956,0.031,0.762,1.841,4.462,4.329,5.625,6.064
1169,1998-06-01 00:00:00.00,157.776,53.088,79.86,18.979,37.255,25.675,33.648,59.462
1170,1998-07-01 00:00:00.00,58.179,54.091,66.855,54.449,137.517,133.235,164.289,177.517
1171,1998-08-01 00:00:00.00,117.911,73.779,59.245,31.713,24.577,20.07,41.876,51.714
1172,1998-09-01 00:00:00.00,193.063,299.425,167.049,132.802,53.37,24.64,38.27,63.542
1173,1998-10-01 00:00:00.00,35.003,36.969,20.639,16.69,9.395,5.852,8.376,13.944
1174,1998-11-01 00:00:00.00,7.943,0.0,0.164,0.0,0.211,0.199,3.097,5.155
1175,1998-12-01 00:00:00.00,0.0,0.15,0.857,1.99,4.451,6.211,5.612,5.415
1176,1999-01-01 00:00:00.00,6.968,1.419,4.899,3.874,11.55,11.748,15.549,16.318
1177,1999-02-01 00:00:00.00,10.736,7.452,11.838,10.435,5.643,4.978,1.954,4.742
1178,1999-03-01 00:00:00.00,0.0,0.005,0.004,0.64,0.298,1.625,1.222,0.102
1179,1999-04-01 00:00:00.00,0.0,0.0,0.0,0.0,0.0,0.0,0.0,0.0
1180,1999-05-01 00:00:00.00,5.152,14.847,20.497,17.228,37.884,29.448,32.879,36.576
1181,1999-06-01 00:00:00.00,91.344,26.993,32.743,11.699,10.102,11.458,19.811,21.661
1182,1999-07-01 00:00:00.00,131.338,39.715,59.713,19.845,62.596,52.253,71.096,94.277
1183,1999-08-01 00:00:00.00,172.254,51.959,73.764,45.3,35.763,29.533,38.124,43.399
1184,1999-09-01 00:00:00.00,56.18,1.673,5.003,3.579,10.085,12.792,20.221,17.714
1185,1999-10-01 00:00:00.00,26.921,25.626,16.675,7.915,2.649,1.474,1.074,3.853
1186,1999-11-01 00:00:00.00,0.039,0.0,0.0,0.0,0.0,0.0,0.0,0.0
1187,1999-12-01 00:00:00.00,0.0,0.0,0.0,0.0,0.0,0.0,0.0,0.0
1188,2000-01-01 00:00:00.00,0.347,0.026,0.463,0.628,2.421,3.534,6.012,4.849
1189,2000-02-01 00:00:00.00,5.932,1.927,5.564,0.719,2.682,3.72,8.969,10.641
1190,2000-03-01 00:00:00.00,0.142,0.0,0.0,0.0,0.118,0.407,3.04,2.256
1191,2000-04-01 00:00:00.00,1.483,0.545,1.221,0.073,0.347,0.001,0.146,0.706
1192,2000-05-01 00:00:00.00,14.242,3.023,4.358,0.491,3.863,3.769,6.57,7.853
1193,2000-06-01 00:00:00.00,14.651,5.362,9.318,6.484,16.821,17.501,30.761,33.868
1194,2000-07-01 00:00:00.00,327.974,132.564,167.27,60.838,118.014,111.497,158.426,192.816
1195,2000-08-01 00:00:00.00,37.004,34.739,24.546,24.433,25.04,25.477,39.52,40.864
1196,2000-09-01 00:00:00.00,10.27,0.714,1.186,0.51,2.19,5.889,6.043,4.375
1197,2000-10-01 00:00:00.00,0.0,0.0,0.0,0.0,0.0,0.0,0.0,0.0
1198,2000-11-01 00:00:00.00,3.826,1.858,3.472,1.672,3.313,3.621,4.154,4.876
1199,2000-12-01 00:00:00.00,0.0,0.0,0.019,0.0,0.22,0.265,3.298,3.989
1200,2001-01-01 00:00:00.00,0.64,0.0,0.0,0.0,0.073,0.333,1.426,1.117
1201,2001-02-01 00:00:00.00,0.442,0.0,0.074,0.386,0.612,0.926,2.447,2.291
1202,2001-03-01 00:00:00.00,2.747,0.0,0.058,0.0,0.978,4.243,4.707,2.192
1203,2001-04-01 00:00:00.00,11.572,7.093,13.182,7.093,16.336,10.195,14.217,19.9
1204,2001-05-01 00:00:00.00,47.413,15.76,33.087,6.761,32.382,21.512,34.411,50.309
1205,2001-06-01 00:00:00.00,119.721,97.427,82.953,86.7,65.07,43.321,57.088,70.82
1206,2001-07-01 00:00:00.00,221.669,117.607,116.922,70.043,51.868,69.063,78.931,73.141
1207,2001-08-01 00:00:00.00,135.901,48.189,64.463,15.436,32.333,23.441,43.264,68.664
1208,2001-09-01 00:00:00.00,16.909,5.349,17.843,12.341,33.768,28.987,32.929,38.442
1209,2001-10-01 00:00:00.00,16.385,6.887,9.284,1.365,3.292,1.553,1.992,4.674
1210,2001-11-01 00:00:00.00,0.37,2.184,0.531,0.93,0.101,0.027,0.0,0.0
1211,2001-12-01 00:00:00.00,0.0,0.0,0.0,0.0,0.0,0.0,0.0,0.0
1212,2002-01-01 00:00:00.00,0.441,0.0,0.0,0.0,0.15,0.421,1.429,1.509
1213,2002-02-01 00:00:00.00,2.167,0.0,0.147,0.696,0.697,0.866,2.838,2.551
1214,2002-03-01 00:00:00.00,0.562,0.087,0.755,0.92,3.028,4.342,3.32,2.725
1215,2002-04-01 00:00:00.00,0.789,0.221,2.376,2.168,10.983,9.814,6.969,7.374
1216,2002-05-01 00:00:00.00,4.866,4.185,7.558,9.785,14.78,14.107,9.588,5.478
1217,2002-06-01 00:00:00.00,36.667,15.506,14.205,2.855,5.182,8.988,15.002,13.347
1218,2002-07-01 00:00:00.00,8.128,29.972,10.828,22.584,6.508,13.503,13.787,3.224
1219,2002-08-01 00:00:00.00,50.607,9.362,10.661,4.448,12.63,18.262,33.608,30.307
1220,2002-09-01 00:00:00.00,35.372,6.613,5.001,0.395,2.055,10.521,26.295,21.62
1221,2002-10-01 00:00:00.00,0.261,0.0,0.012,0.0,0.0,0.0,0.0,0.055
1222,2002-11-01 00:00:00.00,5.453,4.928,6.489,5.089,7.651,6.832,7.23,9.958
1223,2002-12-01 00:00:00.00,10.399,2.973,5.692,6.562,13.28,18.093,16.977,18.905
